id,playerName,position,age,games,gamesStarted,minutesPg,fieldGoals,fieldAttempts,fieldPercent,threeFg,threeAttempts,threePercent,twoFg,twoAttempts,twoPercent,effectFgPercent,ft,ftAttempts,ftPercent,offensiveRb,defensiveRb,totalRb,assists,steals,blocks,turnovers,personalFouls,points,team,season,playerId
18127,Jalen Crutcher,PG,24,1,0,3,0,1,0,0,0,,0,1,0,0,0,0,,0,0,0,0,0,0,0,0,0,NOP,2024,crutcja01
17979,Precious Achiuwa,PF-C,24,74,18,1624,235,469,0.501,26,97,0.268,209,372,0.562,0.529,69,112,0.616,191,296,487,97,46,68,83,143,565,TOT,2024,achiupr01
17980,Precious Achiuwa,C,24,25,0,437,78,170,0.459,13,47,0.277,65,123,0.528,0.497,24,42,0.571,50,86,136,44,16,12,29,40,193,TOR,2024,achiupr01
17981,Precious Achiuwa,PF,24,49,18,1187,157,299,0.525,13,50,0.26,144,249,0.578,0.547,45,70,0.643,141,210,351,53,30,56,54,103,372,NYK,2024,achiupr01
17982,Bam Adebayo,C,26,71,71,2416,530,1017,0.521,15,42,0.357,515,975,0.528,0.529,292,387,0.755,159,578,737,278,81,66,162,159,1367,MIA,2024,adebaba01
17983,Ochai Agbaji,SG,23,78,28,1641,178,433,0.411,62,211,0.294,116,222,0.523,0.483,37,56,0.661,74,142,216,83,47,44,64,117,455,TOT,2024,agbajoc01
17984,Ochai Agbaji,SG,23,51,10,1003,106,249,0.426,47,142,0.331,59,107,0.551,0.52,15,20,0.75,35,91,126,47,27,29,34,66,274,UTA,2024,agbajoc01
17985,Ochai Agbaji,SG,23,27,18,638,72,184,0.391,15,69,0.217,57,115,0.496,0.432,22,36,0.611,39,51,90,36,20,15,30,51,181,TOR,2024,agbajoc01
17986,Santi Aldama,PF,23,61,35,1618,247,568,0.435,106,304,0.349,141,264,0.534,0.528,54,87,0.621,72,280,352,138,43,54,69,89,654,MEM,2024,aldamsa01
17987,Nickeil Alexander-Walker,SG,25,82,20,1921,236,538,0.439,131,335,0.391,105,203,0.517,0.56,52,65,0.8,35,132,167,204,64,42,76,143,655,MIN,2024,alexani01
17988,Grayson Allen,SG,28,75,74,2513,340,682,0.499,205,445,0.461,135,237,0.57,0.649,129,147,0.878,48,247,295,227,69,45,95,157,1014,PHO,2024,allengr01
17989,Jarrett Allen,C,25,77,77,2442,519,819,0.634,0,6,0,519,813,0.638,0.634,233,314,0.742,243,568,811,210,53,81,121,147,1271,CLE,2024,allenja01
17990,Timmy Allen,SF,24,5,0,125,6,23,0.261,0,7,0,6,16,0.375,0.261,1,2,0.5,4,13,17,5,4,0,2,18,13,MEM,2024,allenti01
17991,Jose Alvarado,PG,25,56,0,1028,142,345,0.412,78,207,0.377,64,138,0.464,0.525,35,52,0.673,25,103,128,117,59,15,40,89,397,NOP,2024,alvarjo01
17992,Kyle Anderson,PF,30,79,10,1782,199,433,0.46,11,48,0.229,188,385,0.488,0.472,97,137,0.708,60,213,273,331,71,47,91,128,506,MIN,2024,anderky01
17993,Giannis Antetokounmpo,PF,29,73,73,2567,837,1369,0.611,34,124,0.274,803,1245,0.645,0.624,514,782,0.657,196,645,841,476,87,79,250,210,2222,MIL,2024,antetgi01
17994,Thanasis Antetokounmpo,PF,31,34,0,155,16,30,0.533,0,1,0,16,29,0.552,0.533,0,2,0,7,6,13,17,7,4,14,24,32,MIL,2024,antetth01
17995,Cole Anthony,PG,23,81,0,1817,332,763,0.435,93,275,0.338,239,488,0.49,0.496,180,218,0.826,64,247,311,236,64,37,126,175,937,ORL,2024,anthoco01
17996,OG Anunoby,SF,26,50,50,1702,282,577,0.489,102,267,0.382,180,310,0.581,0.577,67,89,0.753,47,161,208,107,68,36,81,119,733,TOT,2024,anunoog01
17997,OG Anunoby,SF,26,27,27,900,157,321,0.489,61,163,0.374,96,158,0.608,0.584,33,46,0.717,24,82,106,72,28,13,43,62,408,TOR,2024,anunoog01
17998,OG Anunoby,SF,26,23,23,802,125,256,0.488,41,104,0.394,84,152,0.553,0.568,34,43,0.791,23,79,102,35,40,23,38,57,325,NYK,2024,anunoog01
17999,Ryan Arcidiacono,PG,29,20,0,45,0,6,0,0,6,0,0,0,,0,0,0,,0,8,8,4,2,0,2,5,0,NYK,2024,arcidry01
18000,Deni Avdija,SF,23,75,75,2257,406,803,0.506,88,235,0.374,318,568,0.56,0.56,202,273,0.74,84,456,540,286,60,36,160,185,1102,WAS,2024,avdijde01
18001,Deandre Ayton,C,25,55,55,1784,427,749,0.57,1,10,0.1,426,739,0.576,0.571,65,79,0.823,176,433,609,90,56,42,99,109,920,POR,2024,aytonde01
18002,Udoka Azubuike,C,24,16,0,113,16,23,0.696,0,0,,16,23,0.696,0.696,3,13,0.231,11,21,32,3,1,6,4,17,35,PHO,2024,azubuud01
18003,Ibou Badji,C,21,22,1,226,14,22,0.636,0,0,,14,22,0.636,0.636,6,12,0.5,20,31,51,13,3,20,15,46,34,POR,2024,badjiib01
18004,Marvin Bagley III,C,24,50,25,1053,239,408,0.586,9,23,0.391,230,385,0.597,0.597,96,126,0.762,130,182,312,55,20,33,59,81,583,TOT,2024,baglema01
18005,Marvin Bagley III,C,24,26,10,478,107,181,0.591,1,6,0.167,106,175,0.606,0.594,50,61,0.82,46,72,118,27,5,14,29,40,265,DET,2024,baglema01
18208,Taj Gibson,PF,38,16,1,165,7,23,0.304,0,6,0,7,17,0.412,0.304,2,2,1,10,18,28,9,2,6,5,28,16,NYK,2024,gibsota01
18006,Marvin Bagley III,C,24,24,15,575,132,227,0.581,8,17,0.471,124,210,0.59,0.599,46,65,0.708,84,110,194,28,15,19,30,41,318,WAS,2024,baglema01
18007,Amari Bailey,PG,19,10,0,65,8,24,0.333,1,8,0.125,7,16,0.438,0.354,6,7,0.857,6,3,9,7,3,0,4,2,23,CHO,2024,baileam01
18008,Patrick Baldwin Jr.,SF,21,38,7,493,59,155,0.381,31,97,0.32,28,58,0.483,0.481,19,28,0.679,17,106,123,29,18,15,19,56,168,WAS,2024,baldwpa01
18009,LaMelo Ball,PG,22,22,22,711,183,423,0.433,70,197,0.355,113,226,0.5,0.515,90,104,0.865,29,84,113,176,40,4,83,79,526,CHO,2024,ballla01
18010,Mo Bamba,C,25,57,17,740,97,198,0.49,25,64,0.391,72,134,0.537,0.553,34,50,0.68,77,161,238,41,22,60,39,101,253,PHI,2024,bambamo01
18011,Paolo Banchero,PF,21,80,80,2799,640,1407,0.455,119,351,0.339,521,1056,0.493,0.497,405,559,0.725,82,472,554,431,71,47,247,153,1804,ORL,2024,banchpa01
18012,Desmond Bane,SG,25,42,42,1443,360,776,0.464,137,360,0.381,223,416,0.536,0.552,140,161,0.87,36,149,185,230,43,22,112,120,997,MEM,2024,banede01
18013,Dalano Banton,PG,24,54,9,1047,202,500,0.404,59,199,0.296,143,301,0.475,0.463,94,120,0.783,41,137,178,127,33,20,77,64,557,TOT,2024,bantoda01
18014,Dalano Banton,PG,24,24,1,171,19,51,0.373,2,16,0.125,17,35,0.486,0.392,16,20,0.8,12,23,35,19,5,3,10,20,56,BOS,2024,bantoda01
18015,Dalano Banton,PG,24,30,8,876,183,449,0.408,57,183,0.311,126,266,0.474,0.471,78,100,0.78,29,114,143,108,28,17,67,44,501,POR,2024,bantoda01
18016,Dominick Barlow,PF,20,33,1,420,56,113,0.496,3,9,0.333,53,104,0.51,0.509,29,42,0.69,45,68,113,36,12,14,9,47,144,SAS,2024,barlodo01
18017,Harrison Barnes,PF,31,82,82,2381,347,732,0.474,149,385,0.387,198,347,0.571,0.576,157,196,0.801,67,182,249,99,54,12,58,98,1000,SAC,2024,barneha02
18018,Scottie Barnes,SG,22,60,60,2094,447,942,0.475,101,296,0.341,346,646,0.536,0.528,196,251,0.781,141,353,494,363,75,88,165,118,1191,TOR,2024,barnesc01
18019,RJ Barrett,SG,23,58,58,1838,436,880,0.495,90,250,0.36,346,630,0.549,0.547,208,291,0.715,53,262,315,193,31,22,126,129,1170,TOT,2024,barrerj01
18020,RJ Barrett,SG,23,26,26,766,164,388,0.423,43,130,0.331,121,258,0.469,0.478,103,124,0.831,19,92,111,63,12,9,47,45,474,NYK,2024,barrerj01
18021,RJ Barrett,SG,23,32,32,1072,272,492,0.553,47,120,0.392,225,372,0.605,0.601,105,167,0.629,34,170,204,130,19,13,79,84,696,TOR,2024,barrerj01
18022,Charles Bassey,C,23,19,0,205,29,40,0.725,0,1,0,29,39,0.744,0.725,5,6,0.833,23,53,76,21,8,17,15,31,63,SAS,2024,bassech01
18023,Emoni Bates,SF,20,15,0,133,15,49,0.306,10,33,0.303,5,16,0.313,0.408,1,4,0.25,1,13,14,10,1,2,8,5,41,CLE,2024,batesem01
18024,Keita Bates-Diop,SF,28,53,8,665,72,166,0.434,21,69,0.304,51,97,0.526,0.497,32,42,0.762,31,79,110,38,25,22,15,35,197,TOT,2024,bateske01
18025,Keita Bates-Diop,SF,28,39,8,597,64,150,0.427,20,64,0.313,44,86,0.512,0.493,26,36,0.722,30,71,101,34,22,20,13,33,174,PHO,2024,bateske01
18026,Keita Bates-Diop,SF,28,14,0,68,8,16,0.5,1,5,0.2,7,11,0.636,0.531,6,6,1,1,8,9,4,3,2,2,2,23,BRK,2024,bateske01
18027,Nicolas Batum,PF,35,60,38,1529,116,256,0.453,73,185,0.395,43,71,0.606,0.596,15,21,0.714,70,178,248,128,48,38,40,109,320,TOT,2024,batumni01
18028,Nicolas Batum,PF,35,3,0,54,3,8,0.375,2,7,0.286,1,1,1,0.5,0,0,,0,7,7,5,3,4,1,5,8,LAC,2024,batumni01
18029,Nicolas Batum,PF,35,57,38,1475,113,248,0.456,71,178,0.399,42,70,0.6,0.599,15,21,0.714,70,171,241,123,45,34,39,104,312,PHI,2024,batumni01
18030,Darius Bazley,PF,23,9,0,152,18,30,0.6,2,8,0.25,16,22,0.727,0.633,10,12,0.833,8,20,28,7,6,7,8,3,48,TOT,2024,bazleda01
18031,Darius Bazley,PF,23,3,0,10,0,1,0,0,0,,0,1,0,0,0,0,,0,1,1,2,0,0,1,0,0,PHI,2024,bazleda01
18032,Darius Bazley,PF,23,6,0,142,18,29,0.621,2,8,0.25,16,21,0.762,0.655,10,12,0.833,8,19,27,5,6,7,7,3,48,UTA,2024,bazleda01
18033,Bradley Beal,SG,30,53,53,1767,377,735,0.513,101,235,0.43,276,500,0.552,0.582,109,134,0.813,54,178,232,265,52,27,131,127,964,PHO,2024,bealbr01
18034,Malik Beasley,SG,27,79,77,2337,320,722,0.443,224,542,0.413,96,180,0.533,0.598,25,35,0.714,41,249,290,108,59,9,54,158,889,MIL,2024,beaslma01
18035,MarJon Beauchamp,SF,23,48,1,608,81,166,0.488,30,75,0.4,51,91,0.56,0.578,19,28,0.679,22,77,99,31,13,7,27,54,211,MIL,2024,beaucma01
18036,Jules Bernard,SG,24,19,0,149,29,64,0.453,11,29,0.379,18,35,0.514,0.539,5,9,0.556,10,16,26,16,3,1,8,14,74,WAS,2024,bernaju01
18037,Dāvis Bertāns,PF,31,43,1,674,92,234,0.393,76,200,0.38,16,34,0.471,0.556,30,33,0.909,9,52,61,35,26,12,18,56,290,TOT,2024,bertada01
18038,Dāvis Bertāns,PF,31,15,0,91,10,26,0.385,10,24,0.417,0,2,0,0.577,14,15,0.933,2,8,10,9,3,3,1,10,44,OKC,2024,bertada01
18039,Dāvis Bertāns,PF,31,28,1,583,82,208,0.394,66,176,0.375,16,32,0.5,0.553,16,18,0.889,7,44,51,26,23,9,17,46,246,CHO,2024,bertada01
18040,Patrick Beverley,PG,35,73,13,1462,158,379,0.417,61,181,0.337,97,198,0.49,0.497,74,90,0.822,49,190,239,212,43,31,65,128,451,TOT,2024,beverpa01
18041,Patrick Beverley,PG,35,47,5,919,104,241,0.432,35,109,0.321,69,132,0.523,0.504,51,63,0.81,30,115,145,144,24,18,49,83,294,PHI,2024,beverpa01
18042,Patrick Beverley,PG,35,26,8,543,54,138,0.391,26,72,0.361,28,66,0.424,0.486,23,27,0.852,19,75,94,68,19,13,16,45,157,MIL,2024,beverpa01
18043,Saddiq Bey,SF,24,63,51,2062,290,697,0.416,113,358,0.316,177,339,0.522,0.497,170,203,0.837,167,244,411,92,51,11,54,88,863,ATL,2024,beysa01
18044,Goga Bitadze,C,24,62,33,957,126,209,0.603,2,14,0.143,124,195,0.636,0.608,57,87,0.655,109,177,286,79,32,72,44,107,311,ORL,2024,bitadgo01
18045,Onuralp Bitim,SG,24,23,1,268,32,84,0.381,12,44,0.273,20,40,0.5,0.452,4,5,0.8,6,26,32,13,3,2,10,24,80,CHI,2024,bitimon01
18046,Bismack Biyombo,C,31,40,27,791,74,131,0.565,0,0,,74,131,0.565,0.565,26,54,0.481,62,147,209,53,11,37,42,89,174,TOT,2024,biyombi01
18047,Bismack Biyombo,C,31,30,27,718,67,119,0.563,0,0,,67,119,0.563,0.563,22,46,0.478,57,134,191,51,10,34,38,82,156,MEM,2024,biyombi01
18048,Bismack Biyombo,C,31,10,0,73,7,12,0.583,0,0,,7,12,0.583,0.583,4,8,0.5,5,13,18,2,1,3,4,7,18,OKC,2024,biyombi01
18049,Anthony Black,PG,20,69,33,1164,115,247,0.466,37,94,0.394,78,153,0.51,0.54,49,80,0.613,33,106,139,91,35,21,56,110,316,ORL,2024,blackan01
18050,Leaky Black,SF,24,26,3,284,25,52,0.481,9,20,0.45,16,32,0.5,0.567,10,15,0.667,9,39,48,24,8,11,6,19,69,CHO,2024,blackle01
18051,Buddy Boeheim,SF,24,10,0,84,9,29,0.31,8,25,0.32,1,4,0.25,0.448,8,10,0.8,3,7,10,3,0,1,0,5,34,DET,2024,boehebu01
18052,Bogdan Bogdanović,SG,31,79,33,2401,471,1100,0.428,240,641,0.374,231,459,0.503,0.537,151,164,0.921,53,219,272,247,96,26,112,179,1333,ATL,2024,bogdabo01
18053,Bojan Bogdanović,SF-PF,34,57,27,1478,309,681,0.454,133,334,0.398,176,347,0.507,0.551,117,149,0.785,22,130,152,97,30,5,101,95,868,TOT,2024,bogdabo02
18054,Bojan Bogdanović,PF,34,28,27,921,199,425,0.468,86,207,0.415,113,218,0.518,0.569,81,104,0.779,13,81,94,71,23,4,63,57,565,DET,2024,bogdabo02
18055,Bojan Bogdanović,SF,34,29,0,557,110,256,0.43,47,127,0.37,63,129,0.488,0.521,36,45,0.8,9,49,58,26,7,1,38,38,303,NYK,2024,bogdabo02
18056,Bol Bol,PF,24,43,0,469,93,151,0.616,22,52,0.423,71,99,0.717,0.689,15,19,0.789,32,105,137,17,10,25,19,42,223,PHO,2024,bolbo01
18057,Marques Bolden,C,25,11,2,121,17,25,0.68,0,1,0,17,24,0.708,0.68,3,4,0.75,10,24,34,4,3,7,3,10,37,TOT,2024,boldema01
18058,Marques Bolden,C,25,2,0,3,0,0,,0,0,,0,0,,,0,0,,0,2,2,0,0,0,0,1,0,MIL,2024,boldema01
18059,Marques Bolden,C,25,9,2,118,17,25,0.68,0,1,0,17,24,0.708,0.68,3,4,0.75,10,22,32,4,3,7,3,9,37,CHO,2024,boldema01
18060,Devin Booker,PG,27,68,68,2447,642,1305,0.492,152,418,0.364,490,887,0.552,0.55,405,457,0.886,56,252,308,472,61,28,178,206,1841,PHO,2024,bookede01
18061,Brandon Boston Jr.,SF,22,32,0,345,65,161,0.404,14,52,0.269,51,109,0.468,0.447,23,33,0.697,19,33,52,13,11,8,24,40,167,LAC,2024,bostobr01
18062,Chris Boucher,PF,31,50,0,705,110,217,0.507,31,94,0.33,79,123,0.642,0.578,71,92,0.772,62,145,207,23,14,24,28,68,322,TOR,2024,bouchch01
18063,James Bouknight,SG,23,14,0,81,18,41,0.439,13,30,0.433,5,11,0.455,0.598,1,2,0.5,1,8,9,6,1,1,2,3,50,CHO,2024,bouknja01
18064,Jamaree Bouyea,PG,24,9,0,95,10,28,0.357,1,9,0.111,9,19,0.474,0.375,0,0,,3,16,19,11,1,0,9,10,21,TOT,2024,bouyeja01
18065,Jamaree Bouyea,PG,24,6,0,57,5,21,0.238,0,8,0,5,13,0.385,0.238,0,0,,2,8,10,8,0,0,8,3,10,POR,2024,bouyeja01
18066,Jamaree Bouyea,PG,24,3,0,38,5,7,0.714,1,1,1,4,6,0.667,0.786,0,0,,1,8,9,3,1,0,1,7,11,SAS,2024,bouyeja01
18067,Malaki Branham,PG,20,75,29,1594,271,628,0.432,93,268,0.347,178,360,0.494,0.506,55,63,0.873,28,120,148,156,27,8,91,94,690,SAS,2024,branhma01
18068,Christian Braun,SG,22,82,4,1655,222,483,0.46,63,164,0.384,159,319,0.498,0.525,93,134,0.694,79,227,306,132,42,35,55,137,600,DEN,2024,braunch01
18069,Mikal Bridges,SF,27,82,82,2854,564,1294,0.436,220,592,0.372,344,702,0.49,0.521,258,317,0.814,68,304,372,299,81,30,164,116,1606,BRK,2024,bridgmi01
18070,Miles Bridges,SF,25,69,67,2581,559,1210,0.462,157,450,0.349,402,760,0.529,0.527,174,211,0.825,71,434,505,231,65,33,138,118,1449,CHO,2024,bridgmi02
18071,Oshae Brissett,SF,25,55,1,630,68,153,0.444,15,55,0.273,53,98,0.541,0.493,50,83,0.602,61,99,160,44,19,8,20,54,201,BOS,2024,brissos01
18072,Izaiah Brockington,PG,24,1,0,3,2,5,0.4,0,1,0,2,4,0.5,0.4,0,0,,1,1,2,0,0,0,0,0,4,NOP,2024,brockiz01
18073,Malcolm Brogdon,PG,31,39,25,1121,218,496,0.44,82,199,0.412,136,297,0.458,0.522,95,116,0.819,28,120,148,214,27,8,60,58,613,POR,2024,brogdma01
18074,Armoni Brooks,PG,25,10,0,104,15,46,0.326,11,32,0.344,4,14,0.286,0.446,1,2,0.5,7,11,18,5,1,1,3,3,42,BRK,2024,brookar01
18075,Dillon Brooks,SF,28,72,72,2227,329,768,0.428,133,370,0.359,196,398,0.492,0.515,124,147,0.844,53,193,246,119,64,10,88,241,915,HOU,2024,brookdi01
18076,Bruce Brown,PG-SG,27,67,44,1866,278,582,0.478,53,164,0.323,225,418,0.538,0.523,117,142,0.824,53,231,284,192,59,17,86,148,726,TOT,2024,brownbr01
18077,Bruce Brown,SG,27,33,33,981,149,314,0.475,33,101,0.327,116,213,0.545,0.527,67,82,0.817,25,129,154,100,35,8,41,81,398,IND,2024,brownbr01
18078,Bruce Brown,PG,27,34,11,885,129,268,0.481,20,63,0.317,109,205,0.532,0.519,50,60,0.833,28,102,130,92,24,9,45,67,328,TOR,2024,brownbr01
18079,Charlie Brown Jr.,SG,26,8,0,37,2,10,0.2,2,7,0.286,0,3,0,0.3,0,0,,1,1,2,0,0,2,2,5,6,NYK,2024,brownch02
18080,Greg Brown III,PF,22,6,0,40,5,11,0.455,1,3,0.333,4,8,0.5,0.5,4,9,0.444,3,6,9,4,0,4,4,5,15,DAL,2024,browngr01
18081,Jaylen Brown,SF,27,70,70,2343,627,1256,0.499,145,410,0.354,482,846,0.57,0.557,211,300,0.703,84,303,387,249,83,37,166,185,1610,BOS,2024,brownja02
18082,Kendall Brown,SG,20,15,0,63,8,15,0.533,0,2,0,8,13,0.615,0.533,5,8,0.625,3,2,5,5,0,0,2,9,21,IND,2024,brownke03
18083,Kobe Brown,PF,24,44,0,394,37,90,0.411,14,48,0.292,23,42,0.548,0.489,1,2,0.5,20,42,62,25,12,6,9,49,89,LAC,2024,brownko01
18084,Moses Brown,C,24,22,5,200,33,65,0.508,0,0,,33,65,0.508,0.508,9,31,0.29,37,49,86,7,5,7,11,27,75,POR,2024,brownmo01
18085,Troy Brown Jr.,SF,24,59,15,827,84,226,0.372,47,141,0.333,37,85,0.435,0.476,32,37,0.865,25,119,144,60,24,3,30,42,247,TOT,2024,browntr01
18086,Troy Brown Jr.,SF,24,37,3,410,52,118,0.441,31,84,0.369,21,34,0.618,0.572,19,22,0.864,14,58,72,35,8,2,18,26,154,MIN,2024,browntr01
18087,Troy Brown Jr.,SF,24,22,12,417,32,108,0.296,16,57,0.281,16,51,0.314,0.37,13,15,0.867,11,61,72,25,16,1,12,16,93,DET,2024,browntr01
18088,Jalen Brunson,PG,27,77,77,2726,790,1648,0.479,211,526,0.401,579,1122,0.516,0.543,421,497,0.847,43,235,278,519,70,13,186,144,2212,NYK,2024,brunsja01
18089,Thomas Bryant,C,26,38,4,441,86,149,0.577,4,22,0.182,82,127,0.646,0.591,41,47,0.872,40,101,141,23,10,16,21,46,217,MIA,2024,bryanth01
18090,Kobe Bufkin,SG,20,17,0,196,34,92,0.37,9,40,0.225,25,52,0.481,0.418,4,8,0.5,6,27,33,27,7,5,10,20,81,ATL,2024,bufkiko01
18091,Reggie Bullock,SF,32,44,0,417,34,82,0.415,27,67,0.403,7,15,0.467,0.579,1,1,1,6,67,73,15,12,5,10,29,96,HOU,2024,bullore01
18092,Alec Burks,SG,32,66,1,1212,210,569,0.369,124,330,0.376,86,239,0.36,0.478,145,167,0.868,24,126,150,88,28,12,48,75,689,TOT,2024,burksal01
18093,Alec Burks,SG,32,43,0,901,160,406,0.394,99,247,0.401,61,159,0.384,0.516,121,134,0.903,16,94,110,68,21,11,32,64,540,DET,2024,burksal01
18094,Alec Burks,SG,32,23,1,311,50,163,0.307,25,83,0.301,25,80,0.313,0.383,24,33,0.727,8,32,40,20,7,1,16,11,149,NYK,2024,burksal01
18095,Jared Butler,SG,23,40,0,566,98,201,0.488,24,78,0.308,74,123,0.602,0.547,31,36,0.861,9,49,58,126,29,8,50,58,251,WAS,2024,butleja02
18096,Jimmy Butler,PF,34,60,60,2042,396,793,0.499,60,145,0.414,336,648,0.519,0.537,394,459,0.858,105,213,318,298,79,17,102,68,1246,MIA,2024,butleji01
18097,Jamal Cain,PF,24,26,1,259,34,79,0.43,11,31,0.355,23,48,0.479,0.5,18,23,0.783,15,22,37,10,10,5,8,22,97,MIA,2024,cainja01
18098,Kentavious Caldwell-Pope,SG,30,76,76,2402,270,587,0.46,125,308,0.406,145,279,0.52,0.566,101,113,0.894,31,152,183,183,98,42,75,151,766,DEN,2024,caldwke01
18099,Toumani Camara,PF,23,70,49,1739,197,438,0.45,58,172,0.337,139,266,0.523,0.516,75,99,0.758,139,204,343,87,66,33,84,174,527,POR,2024,camarto01
18100,Clint Capela,C,29,73,73,1883,353,618,0.571,0,1,0,353,617,0.572,0.571,130,206,0.631,335,441,776,91,43,106,74,164,836,ATL,2024,capelca01
18101,Jevon Carter,PG,28,72,0,1004,138,365,0.378,77,234,0.329,61,131,0.466,0.484,4,7,0.571,11,49,60,94,37,16,36,71,357,CHI,2024,carteje01
18102,Wendell Carter Jr.,C,24,55,48,1406,223,425,0.525,64,171,0.374,159,254,0.626,0.6,93,134,0.694,112,269,381,95,35,28,68,121,603,ORL,2024,cartewe01
18103,D.J. Carton,SG,23,4,0,36,3,8,0.375,1,4,0.25,2,4,0.5,0.438,4,5,0.8,2,2,4,3,1,0,1,3,11,TOR,2024,cartodj01
18104,Alex Caruso,SG,29,71,57,2040,253,541,0.468,136,333,0.408,117,208,0.563,0.593,73,96,0.76,62,211,273,247,120,70,102,181,715,CHI,2024,carusal01
18105,Colin Castleton,C,23,16,0,59,9,16,0.563,0,0,,9,16,0.563,0.563,6,6,1,6,6,12,3,2,0,3,11,24,LAL,2024,castlco01
18106,Malcolm Cazalon,SG,22,1,0,3,0,0,,0,0,,0,0,,,0,0,,0,0,0,0,0,0,0,0,0,DET,2024,cazalma01
18107,Julian Champagnie,SF,22,74,59,1468,164,402,0.408,101,277,0.365,63,125,0.504,0.534,75,92,0.815,42,164,206,103,48,42,57,77,504,SAS,2024,champju02
18108,Justin Champagnie,SF,22,15,1,235,32,78,0.41,13,45,0.289,19,33,0.576,0.494,12,15,0.8,19,34,53,19,10,9,10,14,89,WAS,2024,champju01
18109,Max Christie,SG,20,67,7,944,103,241,0.427,42,118,0.356,61,123,0.496,0.515,36,46,0.783,15,127,142,60,20,17,35,57,284,LAL,2024,chrisma02
18110,Sidy Cissoko,SF,19,12,0,141,16,33,0.485,1,12,0.083,15,21,0.714,0.5,12,15,0.8,8,14,22,10,7,3,3,18,45,SAS,2024,cissosi01
18111,Brandon Clarke,PF,27,6,1,134,33,59,0.559,1,6,0.167,32,53,0.604,0.568,1,7,0.143,13,19,32,9,5,6,3,8,68,MEM,2024,clarkbr01
18112,Jordan Clarkson,SG,31,55,19,1682,337,816,0.413,91,309,0.294,246,507,0.485,0.469,177,201,0.881,49,139,188,277,35,6,146,81,942,UTA,2024,clarkjo01
18113,Nic Claxton,C,24,71,71,2116,366,582,0.629,1,5,0.2,365,577,0.633,0.63,108,196,0.551,193,513,706,147,46,146,93,175,841,BRK,2024,claxtni01
18114,Noah Clowney,PF,19,23,4,370,50,93,0.538,12,33,0.364,38,60,0.633,0.602,21,30,0.7,26,55,81,18,8,16,15,25,133,BRK,2024,clownno01
18115,Amir Coffey,SF,26,70,13,1460,166,352,0.472,70,184,0.38,96,168,0.571,0.571,61,71,0.859,29,119,148,76,41,14,33,102,463,LAC,2024,coffeam01
18116,John Collins,PF,26,68,66,1901,397,746,0.532,86,232,0.371,311,514,0.605,0.59,147,185,0.795,157,418,575,77,40,61,98,191,1027,UTA,2024,collijo01
18117,Zach Collins,C,26,69,29,1526,298,616,0.484,58,181,0.32,240,435,0.552,0.531,122,162,0.753,118,252,370,194,34,52,132,206,776,SAS,2024,colliza01
18118,Mike Conley,PG,36,76,76,2193,294,644,0.457,179,405,0.442,115,239,0.481,0.595,102,112,0.911,37,181,218,449,88,17,102,128,869,MIN,2024,conlemi01
18119,Pat Connaughton,SF,31,76,3,1676,151,347,0.435,82,238,0.345,69,109,0.633,0.553,44,58,0.759,51,188,239,161,40,19,49,99,428,MIL,2024,connapa01
18120,Bilal Coulibaly,SF,19,63,15,1715,188,432,0.435,64,185,0.346,124,247,0.502,0.509,92,131,0.702,56,200,256,110,57,48,87,137,532,WAS,2024,coulibi01
18121,Ricky Council IV,SG,22,32,0,289,54,112,0.482,12,32,0.375,42,80,0.525,0.536,53,71,0.746,14,32,46,16,8,1,5,17,173,PHI,2024,councri01
18122,Robert Covington,SF-PF,33,29,6,488,43,98,0.439,19,56,0.339,24,42,0.571,0.536,22,26,0.846,31,66,97,24,39,18,11,56,127,TOT,2024,covinro01
18123,Robert Covington,PF,33,3,3,69,3,9,0.333,2,8,0.25,1,1,1,0.444,1,2,0.5,2,6,8,7,6,2,0,7,9,LAC,2024,covinro01
18124,Robert Covington,SF,33,26,3,419,40,89,0.449,17,48,0.354,23,41,0.561,0.545,21,24,0.875,29,60,89,17,33,16,11,49,118,PHI,2024,covinro01
18125,Torrey Craig,SF,33,53,14,1049,108,251,0.43,60,153,0.392,48,98,0.49,0.55,27,36,0.75,69,148,217,58,30,21,32,110,303,CHI,2024,craigto01
18126,Jae Crowder,PF,33,50,25,1156,114,270,0.422,58,166,0.349,56,104,0.538,0.53,26,36,0.722,31,130,161,66,38,9,23,74,312,MIL,2024,crowdja01
18128,Cade Cunningham,PG,22,62,62,2074,524,1167,0.449,119,335,0.355,405,832,0.487,0.5,238,274,0.869,33,235,268,464,56,22,212,153,1405,DET,2024,cunnica01
18129,Seth Curry,SG,33,44,4,616,80,204,0.392,38,108,0.352,42,96,0.438,0.485,28,31,0.903,18,50,68,44,22,6,21,39,226,TOT,2024,curryse01
18130,Seth Curry,SG,33,36,3,457,54,145,0.372,29,80,0.363,25,65,0.385,0.472,17,19,0.895,15,37,52,30,17,3,16,32,154,DAL,2024,curryse01
18131,Seth Curry,SG,33,8,1,159,26,59,0.441,9,28,0.321,17,31,0.548,0.517,11,12,0.917,3,13,16,14,5,3,5,7,72,CHO,2024,curryse01
18132,Stephen Curry,PG,35,74,74,2421,650,1445,0.45,357,876,0.408,293,569,0.515,0.573,299,324,0.923,37,293,330,379,54,28,210,117,1956,GSW,2024,curryst01
18133,Dyson Daniels,PG,20,61,16,1358,139,311,0.447,42,135,0.311,97,176,0.551,0.514,34,53,0.642,62,174,236,164,85,25,59,101,354,NOP,2024,daniedy01
18134,Anthony Davis,C,30,76,76,2700,713,1283,0.556,29,107,0.271,684,1176,0.582,0.567,421,516,0.816,239,722,961,266,91,178,159,177,1876,LAL,2024,davisan02
18135,Johnny Davis,SG,21,50,6,613,62,154,0.403,14,40,0.35,48,114,0.421,0.448,14,24,0.583,18,54,72,32,18,10,13,57,152,WAS,2024,davisjo06
18136,JD Davison,SG,21,8,0,39,5,12,0.417,3,7,0.429,2,5,0.4,0.542,3,4,0.75,2,8,10,10,1,1,2,4,16,BOS,2024,davisjd01
18137,Dexter Dennis,SG,24,4,0,30,10,19,0.526,1,8,0.125,9,11,0.818,0.553,1,3,0.333,1,8,9,4,0,1,3,1,22,DAL,2024,dennide01
18138,DeMar DeRozan,SF,34,79,79,2989,650,1355,0.48,75,225,0.333,575,1130,0.509,0.507,522,612,0.853,43,297,340,421,90,45,135,161,1897,CHI,2024,derozde01
18139,Moussa Diabaté,C,22,11,0,64,10,19,0.526,0,0,,10,19,0.526,0.526,9,14,0.643,15,9,24,4,5,1,2,4,29,LAC,2024,diabamo01
18140,Mamadi Diakite,PF,27,6,0,24,4,6,0.667,0,1,0,4,5,0.8,0.667,4,6,0.667,1,3,4,2,1,1,1,2,12,TOT,2024,diakima01
18141,Mamadi Diakite,PF,27,3,0,16,4,5,0.8,0,0,,4,5,0.8,0.8,4,6,0.667,1,2,3,2,0,1,0,1,12,SAS,2024,diakima01
18142,Mamadi Diakite,PF,27,3,0,8,0,1,0,0,1,0,0,0,,0,0,0,,0,1,1,0,1,0,1,1,0,NYK,2024,diakima01
18143,Hamidou Diallo,SG,25,2,0,5,1,2,0.5,0,0,,1,2,0.5,0.5,0,0,,2,0,2,1,2,0,1,1,2,WAS,2024,diallha01
18144,Gradey Dick,SG,20,60,17,1268,189,445,0.425,88,241,0.365,101,204,0.495,0.524,44,51,0.863,27,105,132,68,34,2,50,87,510,TOR,2024,dickgr01
18145,Ousmane Dieng,PF,20,33,0,365,49,116,0.422,21,70,0.3,28,46,0.609,0.513,14,16,0.875,10,41,51,37,8,5,19,22,133,OKC,2024,diengou01
18146,Spencer Dinwiddie,PG,30,76,52,2152,251,640,0.392,124,368,0.337,127,272,0.467,0.489,169,210,0.805,30,175,205,356,51,22,91,138,795,TOT,2024,dinwisp01
18147,Spencer Dinwiddie,PG,30,48,48,1474,195,499,0.391,89,278,0.32,106,221,0.48,0.48,125,160,0.781,26,132,158,288,38,9,62,86,604,BRK,2024,dinwisp01
18148,Spencer Dinwiddie,PG,30,28,4,678,56,141,0.397,35,90,0.389,21,51,0.412,0.521,44,50,0.88,4,43,47,68,13,13,29,52,191,LAL,2024,dinwisp01
18149,Donte DiVincenzo,SG,27,81,63,2360,445,1004,0.443,283,705,0.401,162,299,0.542,0.584,86,114,0.754,63,234,297,216,107,36,113,166,1259,NYK,2024,divindo01
18150,Luka Dončić,PG,24,70,70,2624,804,1652,0.487,284,744,0.382,520,908,0.573,0.573,478,608,0.786,59,588,647,686,99,38,282,149,2370,DAL,2024,doncilu01
18151,Luguentz Dort,SF,24,79,79,2246,288,657,0.438,156,396,0.394,132,261,0.506,0.557,128,155,0.826,74,210,284,113,72,47,74,228,860,OKC,2024,dortlu01
18152,Ayo Dosunmu,SG,24,76,37,2212,360,719,0.501,119,295,0.403,241,424,0.568,0.583,85,105,0.81,54,162,216,242,68,36,103,166,924,CHI,2024,dosunay01
18153,Jeff Dowtin,PG,26,12,0,142,20,36,0.556,9,19,0.474,11,17,0.647,0.681,3,4,0.75,3,17,20,27,7,1,5,1,52,PHI,2024,dowtije01
18154,Henri Drell,SF,23,4,0,30,4,10,0.4,2,6,0.333,2,4,0.5,0.5,1,2,0.5,1,3,4,4,2,1,2,6,11,CHI,2024,drellhe01
18155,Andre Drummond,C,30,79,10,1351,267,480,0.556,0,3,0,267,477,0.56,0.556,129,218,0.592,265,443,708,37,73,48,81,140,663,CHI,2024,drumman01
18156,Chris Duarte,SF,26,59,11,719,80,210,0.381,44,127,0.346,36,83,0.434,0.486,26,33,0.788,26,80,106,44,28,8,26,80,230,SAC,2024,duartch01
18157,David Duke Jr.,SG,24,4,0,51,10,18,0.556,3,6,0.5,7,12,0.583,0.639,3,3,1,2,8,10,5,2,0,3,4,26,SAS,2024,dukeda01
18158,Kris Dunn,PG,29,66,32,1249,147,313,0.47,41,111,0.369,106,202,0.525,0.535,22,32,0.688,50,139,189,254,68,28,79,135,357,UTA,2024,dunnkr01
18159,Kevin Durant,PF,35,75,75,2791,751,1436,0.523,168,407,0.413,583,1029,0.567,0.581,362,423,0.856,41,454,495,378,69,91,244,133,2032,PHO,2024,duranke01
18160,Jalen Duren,C,20,61,60,1777,349,564,0.619,0,4,0,349,560,0.623,0.619,143,181,0.79,192,517,709,147,33,47,129,192,841,DET,2024,durenja01
18161,Tari Eason,PF,22,22,0,480,88,189,0.466,18,50,0.36,70,139,0.504,0.513,21,33,0.636,46,107,153,27,31,19,20,51,215,HOU,2024,easonta01
18162,Anthony Edwards,SG,22,79,78,2770,718,1558,0.461,190,532,0.357,528,1026,0.515,0.522,423,506,0.836,52,378,430,405,101,42,241,141,2049,MIN,2024,edwaran01
18163,Kessler Edwards,SF,23,54,0,275,34,82,0.415,20,52,0.385,14,30,0.467,0.537,5,9,0.556,9,33,42,15,10,4,4,26,93,SAC,2024,edwarke02
18164,Keon Ellis,SG,24,57,21,978,107,232,0.461,70,168,0.417,37,64,0.578,0.612,26,35,0.743,32,92,124,85,51,29,37,112,310,SAC,2024,elliske01
18165,Joel Embiid,C,29,39,39,1309,450,851,0.529,54,139,0.388,396,712,0.556,0.561,399,452,0.883,95,335,430,219,46,66,150,112,1353,PHI,2024,embiijo01
18166,Drew Eubanks,C,26,75,6,1169,152,253,0.601,3,3,1,149,250,0.596,0.607,72,93,0.774,103,219,322,63,27,61,61,115,379,PHO,2024,eubandr01
18167,Tosan Evbuomwan,SF,22,17,8,367,36,71,0.507,12,32,0.375,24,39,0.615,0.592,17,25,0.68,18,42,60,16,6,5,9,23,101,TOT,2024,evbuoto01
18168,Tosan Evbuomwan,SF,22,4,0,74,4,15,0.267,2,8,0.25,2,7,0.286,0.333,0,0,,8,6,14,6,0,1,1,5,10,MEM,2024,evbuoto01
18169,Tosan Evbuomwan,SF,22,13,8,293,32,56,0.571,10,24,0.417,22,32,0.688,0.661,17,25,0.68,10,36,46,10,6,4,8,18,91,DET,2024,evbuoto01
18170,Dante Exum,PG,28,55,17,1088,161,302,0.533,53,108,0.491,108,194,0.557,0.621,53,68,0.779,25,124,149,157,22,5,49,85,428,DAL,2024,exumda01
18171,Bruno Fernando,C,25,45,2,682,109,187,0.583,0,4,0,109,183,0.596,0.583,64,96,0.667,59,134,193,46,25,28,44,107,282,ATL,2024,fernabr01
18172,Dorian Finney-Smith,PF,30,68,56,1934,215,511,0.421,117,336,0.348,98,175,0.56,0.535,33,46,0.717,109,208,317,107,56,38,59,150,580,BRK,2024,finnedo01
18173,Adam Flagler,SG,24,2,0,14,1,7,0.143,1,6,0.167,0,1,0,0.214,0,0,,0,0,0,4,0,0,0,0,3,OKC,2024,flaglad01
18174,Malachi Flynn,PG,25,69,0,876,136,325,0.418,56,169,0.331,80,156,0.513,0.505,52,71,0.732,21,93,114,130,38,8,63,66,380,TOT,2024,flynnma01
18175,Malachi Flynn,PG,25,31,0,474,56,137,0.409,28,80,0.35,28,57,0.491,0.511,17,22,0.773,13,52,65,73,18,6,33,42,157,TOR,2024,flynnma01
18176,Malachi Flynn,PG,25,14,0,60,9,23,0.391,4,13,0.308,5,10,0.5,0.478,9,11,0.818,0,6,6,6,1,0,3,3,31,NYK,2024,flynnma01
18177,Malachi Flynn,PG,25,24,0,342,71,165,0.43,24,76,0.316,47,89,0.528,0.503,26,38,0.684,8,35,43,51,19,2,27,21,192,DET,2024,flynnma01
18178,Simone Fontecchio,SF,28,66,43,1644,252,548,0.46,134,334,0.401,118,214,0.551,0.582,54,66,0.818,64,182,246,101,44,23,68,110,692,TOT,2024,fontesi01
18179,Simone Fontecchio,SF,28,50,34,1160,161,358,0.45,91,233,0.391,70,125,0.56,0.577,32,40,0.8,52,124,176,73,30,18,51,81,445,UTA,2024,fontesi01
18180,Simone Fontecchio,SF,28,16,9,484,91,190,0.479,43,101,0.426,48,89,0.539,0.592,22,26,0.846,12,58,70,28,14,5,17,29,247,DET,2024,fontesi01
18181,Jordan Ford,PG,25,6,0,22,4,7,0.571,2,3,0.667,2,4,0.5,0.714,2,2,1,0,2,2,2,0,0,1,0,12,SAC,2024,fordjo01
18182,Trent Forrest,SG,25,38,0,414,34,90,0.378,2,10,0.2,32,80,0.4,0.389,13,17,0.765,11,40,51,92,11,3,20,25,83,ATL,2024,forretr01
18183,Evan Fournier,SG,31,32,0,580,79,221,0.357,33,130,0.254,46,91,0.505,0.432,29,36,0.806,5,53,58,48,29,7,21,48,220,TOT,2024,fournev01
18184,Evan Fournier,SG,31,3,0,39,4,20,0.2,2,15,0.133,2,5,0.4,0.25,2,2,1,0,4,4,3,4,0,1,4,12,NYK,2024,fournev01
18185,Evan Fournier,SG,31,29,0,541,75,201,0.373,31,115,0.27,44,86,0.512,0.45,27,34,0.794,5,49,54,45,25,7,20,44,208,DET,2024,fournev01
18186,De'Aaron Fox,PG,26,74,74,2659,720,1549,0.465,214,580,0.369,506,969,0.522,0.534,312,423,0.738,67,273,340,418,150,31,194,193,1966,SAC,2024,foxde01
18187,Javon Freeman-Liberty,PG,24,22,6,403,55,124,0.444,10,42,0.238,45,82,0.549,0.484,33,36,0.917,16,54,70,40,10,4,25,28,153,TOR,2024,freemja01
18188,Alex Fudge,SF,20,6,0,40,6,15,0.4,1,5,0.2,5,10,0.5,0.433,2,2,1,4,1,5,0,3,0,2,2,15,TOT,2024,fudgeal01
18189,Alex Fudge,SF,20,4,0,14,1,6,0.167,0,2,0,1,4,0.25,0.167,2,2,1,2,0,2,0,0,0,1,1,4,LAL,2024,fudgeal01
18190,Alex Fudge,SF,20,2,0,26,5,9,0.556,1,3,0.333,4,6,0.667,0.611,0,0,,2,1,3,0,3,0,1,1,11,DAL,2024,fudgeal01
18191,Markelle Fultz,PG,25,43,18,910,154,326,0.472,4,18,0.222,150,308,0.487,0.479,23,33,0.697,56,82,138,120,42,15,50,65,335,ORL,2024,fultzma01
18192,Andrew Funk,SG,24,5,0,13,0,4,0,0,3,0,0,1,0,0,0,0,,0,0,0,0,1,1,0,0,0,CHI,2024,funkan01
18193,Wenyen Gabriel,PF,26,5,0,81,8,22,0.364,1,6,0.167,7,16,0.438,0.386,0,5,0,7,18,25,3,2,2,8,10,17,MEM,2024,gabriwe01
18194,Daniel Gafford,C-PF,25,74,66,1815,348,480,0.725,0,0,,348,480,0.725,0.725,118,175,0.674,195,367,562,115,65,153,74,227,814,TOT,2024,gaffoda01
18195,Daniel Gafford,C,25,45,45,1192,203,294,0.69,0,0,,203,294,0.69,0.69,84,119,0.706,131,230,361,69,44,97,46,147,490,WAS,2024,gaffoda01
18196,Daniel Gafford,PF,25,29,21,623,145,186,0.78,0,0,,145,186,0.78,0.78,34,56,0.607,64,137,201,46,21,56,28,80,324,DAL,2024,gaffoda01
18197,Danilo Gallinari,PF-SF,35,49,0,630,83,190,0.437,30,93,0.323,53,97,0.546,0.516,84,98,0.857,20,88,108,55,14,6,23,50,280,TOT,2024,gallida01
18198,Danilo Gallinari,PF,35,26,0,385,57,131,0.435,20,64,0.313,37,67,0.552,0.511,47,56,0.839,12,64,76,31,6,3,12,26,181,WAS,2024,gallida01
18199,Danilo Gallinari,SF,35,6,0,90,12,22,0.545,7,12,0.583,5,10,0.5,0.705,21,24,0.875,2,12,14,12,2,2,1,9,52,DET,2024,gallida01
18200,Danilo Gallinari,SF,35,17,0,155,14,37,0.378,3,17,0.176,11,20,0.55,0.419,16,18,0.889,6,12,18,12,6,1,10,15,47,MIL,2024,gallida01
18201,Darius Garland,PG,24,57,57,1901,375,841,0.446,132,356,0.371,243,485,0.501,0.524,146,175,0.834,30,122,152,373,74,7,176,95,1028,CLE,2024,garlada01
18202,Usman Garuba,PF,21,6,0,18,1,6,0.167,0,1,0,1,5,0.2,0.167,1,2,0.5,3,4,7,1,1,3,2,2,3,GSW,2024,garubus01
18203,Luka Garza,C,25,25,0,122,36,75,0.48,9,32,0.281,27,43,0.628,0.54,18,25,0.72,19,12,31,4,4,1,6,24,99,MIN,2024,garzalu01
18204,Kaiser Gates,SF,27,1,0,7,0,4,0,0,2,0,0,2,0,0,0,0,,0,1,1,0,0,0,0,0,0,NOP,2024,gateska01
18205,Keyonte George,PG,20,75,44,2023,319,815,0.391,147,440,0.334,172,375,0.459,0.482,189,223,0.848,15,196,211,332,36,7,188,91,974,UTA,2024,georgke01
18206,Paul George,PF,33,74,74,2502,582,1236,0.471,243,588,0.413,339,648,0.523,0.569,264,291,0.907,37,351,388,262,113,37,153,202,1671,LAC,2024,georgpa01
18207,Taj Gibson,PF,38,20,1,204,15,37,0.405,2,10,0.2,13,27,0.481,0.432,2,2,1,12,25,37,11,3,7,5,31,34,TOT,2024,gibsota01
18209,Taj Gibson,PF,38,4,0,39,8,14,0.571,2,4,0.5,6,10,0.6,0.643,0,0,,2,7,9,2,1,1,0,3,18,DET,2024,gibsota01
18210,Josh Giddey,SG,21,80,80,2011,402,847,0.475,82,243,0.337,320,604,0.53,0.523,100,124,0.806,111,403,514,386,51,44,168,111,986,OKC,2024,giddejo01
18211,Harry Giles,C,25,23,0,100,23,50,0.46,3,14,0.214,20,36,0.556,0.49,7,13,0.538,12,18,30,6,2,3,6,15,56,TOT,2024,gilesha01
18212,Harry Giles,C,25,16,0,81,22,44,0.5,3,11,0.273,19,33,0.576,0.534,7,13,0.538,12,14,26,6,1,3,6,15,54,BRK,2024,gilesha01
18213,Harry Giles,C,25,7,0,19,1,6,0.167,0,3,0,1,3,0.333,0.167,0,0,,0,4,4,0,1,0,0,0,2,LAL,2024,gilesha01
18214,Shai Gilgeous-Alexander,PG,25,75,75,2553,796,1487,0.535,95,269,0.353,701,1218,0.576,0.567,567,649,0.874,65,350,415,465,150,67,162,184,2254,OKC,2024,gilgesh01
18215,Anthony Gill,PF,31,50,3,466,75,160,0.469,10,41,0.244,65,119,0.546,0.5,29,36,0.806,37,57,94,34,13,11,23,48,189,WAS,2024,gillan01
18216,Collin Gillespie,PG,24,24,0,225,32,69,0.464,15,38,0.395,17,31,0.548,0.572,8,12,0.667,1,20,21,27,13,0,14,24,87,DEN,2024,gilleco01
18217,Jacob Gilyard,PG,25,41,14,699,60,150,0.4,51,126,0.405,9,24,0.375,0.57,2,2,1,9,37,46,137,33,5,30,39,173,TOT,2024,gilyaja01
18218,Jacob Gilyard,PG,25,37,14,654,60,144,0.417,51,120,0.425,9,24,0.375,0.594,2,2,1,8,35,43,131,27,5,29,35,173,MEM,2024,gilyaja01
18219,Jacob Gilyard,PG,25,4,0,45,0,6,0,0,6,0,0,0,,0,0,0,,1,2,3,6,6,0,1,4,0,BRK,2024,gilyaja01
18220,Rudy Gobert,C,31,76,76,2593,406,614,0.661,0,3,0,406,611,0.664,0.661,249,390,0.638,285,697,982,102,52,162,118,238,1061,MIN,2024,goberru01
18221,Jordan Goodwin,PG,25,57,12,1055,141,382,0.369,42,141,0.298,99,241,0.411,0.424,44,59,0.746,88,165,253,155,48,18,56,76,368,TOT,2024,goodwjo01
18222,Jordan Goodwin,PG,25,40,0,558,75,193,0.389,23,80,0.288,52,113,0.46,0.448,25,29,0.862,40,77,117,78,23,9,29,43,198,PHO,2024,goodwjo01
18223,Jordan Goodwin,PG,25,17,12,497,66,189,0.349,19,61,0.311,47,128,0.367,0.399,19,30,0.633,48,88,136,77,25,9,27,33,170,MEM,2024,goodwjo01
18224,Aaron Gordon,PF,28,73,73,2297,398,716,0.556,40,138,0.29,358,578,0.619,0.584,177,269,0.658,174,297,471,259,56,45,105,142,1013,DEN,2024,gordoaa01
18225,Eric Gordon,SG,35,68,24,1893,274,618,0.443,150,397,0.378,124,221,0.561,0.565,51,64,0.797,16,106,122,139,66,30,73,79,749,PHO,2024,gordoer01
18226,Devonte' Graham,PG,28,23,0,313,38,108,0.352,25,83,0.301,13,25,0.52,0.468,13,16,0.813,5,31,36,49,9,2,17,14,114,SAS,2024,grahade01
18227,Jerami Grant,PF,29,54,54,1830,383,850,0.451,111,276,0.402,272,574,0.474,0.516,255,312,0.817,37,154,191,152,45,34,116,117,1132,POR,2024,grantje01
18228,RaiQuan Gray,PF,24,3,0,39,10,17,0.588,3,7,0.429,7,10,0.7,0.676,0,0,,2,5,7,6,1,1,1,0,23,SAS,2024,grayra01
18229,A.J. Green,SG,24,56,0,614,83,196,0.423,69,169,0.408,14,27,0.519,0.599,17,19,0.895,9,55,64,30,9,4,12,49,252,MIL,2024,greenaj01
18230,Danny Green,SG,36,2,0,18,0,2,0,0,1,0,0,1,0,0,0,0,,0,2,2,1,1,0,0,1,0,PHI,2024,greenda02
18231,Draymond Green,PF,33,55,52,1490,185,372,0.497,51,129,0.395,134,243,0.551,0.566,54,74,0.73,76,322,398,332,55,47,135,166,475,GSW,2024,greendr01
18232,Jalen Green,SG,21,82,82,2601,563,1332,0.423,201,605,0.332,362,727,0.498,0.498,283,352,0.804,41,382,423,291,66,28,191,115,1610,HOU,2024,greenja05
18233,Javonte Green,SF,30,9,5,230,45,75,0.6,10,27,0.37,35,48,0.729,0.667,10,13,0.769,20,47,67,5,10,8,7,19,110,CHI,2024,greenja02
18234,Jeff Green,PF,37,78,6,1307,167,366,0.456,53,160,0.331,114,206,0.553,0.529,122,149,0.819,46,132,178,70,16,31,46,100,509,HOU,2024,greenje02
18235,Josh Green,SG,23,57,33,1505,179,374,0.479,72,187,0.385,107,187,0.572,0.575,39,57,0.684,40,144,184,130,47,9,60,107,469,DAL,2024,greenjo02
18236,AJ Griffin,SF,20,20,0,171,18,62,0.29,10,39,0.256,8,23,0.348,0.371,2,2,1,2,16,18,5,1,2,8,6,48,ATL,2024,griffaj01
18237,Quentin Grimes,SG,23,51,18,1025,122,328,0.372,81,240,0.338,41,88,0.466,0.495,34,45,0.756,15,85,100,66,35,7,28,75,359,TOT,2024,grimequ01
18238,Quentin Grimes,SG,23,45,18,910,113,286,0.395,77,212,0.363,36,74,0.486,0.53,24,34,0.706,14,74,88,52,30,3,21,66,327,NYK,2024,grimequ01
18239,Quentin Grimes,SG,23,6,0,115,9,42,0.214,4,28,0.143,5,14,0.357,0.262,10,11,0.909,1,11,12,14,5,4,7,9,32,DET,2024,grimequ01
18240,Mouhamadou Gueye,PF,25,11,0,120,11,38,0.289,0,3,0,11,35,0.314,0.289,4,9,0.444,12,11,23,5,3,18,12,15,26,TOR,2024,gueyemo01
18241,Mouhamed Gueye,PF,21,6,0,73,8,23,0.348,3,9,0.333,5,14,0.357,0.413,5,6,0.833,10,12,22,4,5,4,1,13,24,ATL,2024,gueyemo02
18242,Rui Hachimura,PF,25,68,39,1826,363,676,0.537,98,232,0.422,265,444,0.597,0.609,99,134,0.739,58,236,294,81,41,25,46,101,923,LAL,2024,hachiru01
18243,Ashton Hagans,PG,24,19,1,316,29,71,0.408,8,25,0.32,21,46,0.457,0.465,14,17,0.824,14,31,45,54,11,9,30,40,80,POR,2024,haganas01
18244,Tyrese Haliburton,PG,23,69,68,2224,500,1048,0.477,195,535,0.364,305,513,0.595,0.57,194,227,0.855,35,236,271,752,83,48,159,75,1389,IND,2024,halibty01
18245,R.J. Hampton,PG,22,8,2,76,4,14,0.286,1,8,0.125,3,6,0.5,0.321,1,2,0.5,2,4,6,8,0,0,3,8,10,MIA,2024,hamptrj01
18246,Tim Hardaway Jr.,SF,31,79,12,2120,392,976,0.402,211,597,0.353,181,379,0.478,0.51,144,169,0.852,22,232,254,139,42,6,69,106,1139,DAL,2024,hardati02
18247,James Harden,PG,34,72,72,2470,352,822,0.428,186,488,0.381,166,334,0.497,0.541,302,344,0.878,34,335,369,614,77,57,185,127,1192,LAC,2024,hardeja01
18248,Jaden Hardy,SG,21,73,7,989,195,479,0.407,81,224,0.362,114,255,0.447,0.492,59,76,0.776,20,111,131,109,22,4,62,80,530,DAL,2024,hardyja02
18249,Ron Harper Jr.,PF,23,1,0,4,0,0,,0,0,,0,0,,,0,0,,0,0,0,1,0,0,0,2,0,TOR,2024,harpero02
18250,Gary Harris,SG,29,54,27,1297,131,297,0.441,76,205,0.371,55,92,0.598,0.569,34,45,0.756,24,67,91,87,49,14,31,91,372,ORL,2024,harriga01
18251,Joe Harris,SG,32,16,0,170,14,39,0.359,10,30,0.333,4,9,0.444,0.487,1,2,0.5,3,10,13,10,3,2,4,19,39,DET,2024,harrijo01
18252,Kevon Harris,SG,26,2,0,6,2,3,0.667,0,0,,2,3,0.667,0.667,0,0,,0,2,2,1,0,0,1,3,4,ORL,2024,harrike01
18253,Tobias Harris,PF,31,70,70,2368,463,951,0.487,91,258,0.353,372,693,0.537,0.535,187,213,0.878,80,373,453,217,70,46,93,115,1204,PHI,2024,harrito02
18254,Shaquille Harrison,SG,30,3,0,6,1,2,0.5,0,0,,1,2,0.5,0.5,0,0,,0,2,2,0,0,1,0,0,2,MEM,2024,harrish01
18255,Josh Hart,SF,28,81,42,2707,295,679,0.434,80,258,0.31,215,421,0.511,0.493,91,115,0.791,128,547,675,331,75,23,118,171,761,NYK,2024,hartjo01
18256,Isaiah Hartenstein,C,25,75,49,1896,235,365,0.644,1,3,0.333,234,362,0.646,0.645,111,157,0.707,244,382,626,188,87,85,93,210,582,NYK,2024,harteis01
18257,Sam Hauser,SF,26,79,13,1741,249,558,0.446,197,465,0.424,52,93,0.559,0.623,17,19,0.895,45,231,276,82,40,25,32,99,712,BOS,2024,hausesa01
18258,Jordan Hawkins,SG,21,67,10,1160,174,456,0.382,109,298,0.366,65,158,0.411,0.501,67,80,0.838,29,119,148,70,19,7,40,72,524,NOP,2024,hawkijo01
18259,Jaxson Hayes,C,23,70,5,877,126,175,0.72,0,8,0,126,167,0.754,0.72,51,82,0.622,69,142,211,33,34,29,43,123,303,LAL,2024,hayesja02
18260,Killian Hayes,PG,22,42,31,1008,117,283,0.413,22,74,0.297,95,209,0.455,0.452,33,50,0.66,11,108,119,205,36,20,51,75,289,DET,2024,hayeski01
18261,Gordon Hayward,SF,33,51,28,1245,187,403,0.464,37,90,0.411,150,313,0.479,0.51,89,120,0.742,38,143,181,158,40,13,66,67,500,TOT,2024,haywago01
18262,Gordon Hayward,SF,33,25,25,798,139,297,0.468,22,61,0.361,117,236,0.496,0.505,62,81,0.765,25,92,117,116,28,12,51,46,362,CHO,2024,haywago01
18263,Gordon Hayward,SF,33,26,3,447,48,106,0.453,15,29,0.517,33,77,0.429,0.524,27,39,0.692,13,51,64,42,12,1,15,21,138,OKC,2024,haywago01
18264,Scoot Henderson,PG,19,62,32,1765,307,797,0.385,87,268,0.325,220,529,0.416,0.44,167,204,0.819,53,141,194,336,48,13,212,195,868,POR,2024,hendesc01
18265,Taylor Hendricks,PF,20,40,23,856,108,240,0.45,53,140,0.379,55,100,0.55,0.56,23,29,0.793,46,139,185,32,28,30,27,77,292,UTA,2024,hendrita01
18266,Tyler Herro,SG,24,42,40,1407,324,735,0.441,132,333,0.396,192,402,0.478,0.531,95,111,0.856,19,203,222,188,30,3,93,63,875,MIA,2024,herroty01
18267,Buddy Hield,SF-SG,31,84,42,2160,371,850,0.436,219,568,0.386,152,282,0.539,0.565,52,59,0.881,61,208,269,236,70,42,103,169,1013,TOT,2024,hieldbu01
18268,Buddy Hield,SF,31,52,28,1336,229,517,0.443,137,357,0.384,92,160,0.575,0.575,28,33,0.848,34,133,167,139,43,31,62,103,623,IND,2024,hieldbu01
18269,Buddy Hield,SG,31,32,14,824,142,333,0.426,82,211,0.389,60,122,0.492,0.55,24,26,0.923,27,75,102,97,27,11,41,66,390,PHI,2024,hieldbu01
18270,Haywood Highsmith,PF,27,66,26,1366,153,329,0.465,76,192,0.396,77,137,0.562,0.581,23,36,0.639,65,145,210,70,53,30,34,117,405,MIA,2024,highsha01
18271,Nate Hinton,SG,24,15,0,75,11,26,0.423,7,14,0.5,4,12,0.333,0.558,4,5,0.8,7,15,22,10,3,2,3,11,33,HOU,2024,hintona01
18272,D'Moi Hodge,SG,25,7,0,41,5,15,0.333,3,12,0.25,2,3,0.667,0.433,1,2,0.5,0,0,0,5,1,1,1,4,14,LAL,2024,hodgedm01
18273,Aaron Holiday,PG,27,78,1,1269,186,417,0.446,84,217,0.387,102,200,0.51,0.547,58,63,0.921,23,100,123,140,42,6,53,125,514,HOU,2024,holidaa01
18274,Jrue Holiday,PG,33,69,69,2263,331,689,0.48,138,322,0.429,193,367,0.526,0.581,60,72,0.833,84,289,373,333,61,53,124,108,860,BOS,2024,holidjr01
18275,Justin Holiday,SG,34,58,9,862,88,194,0.454,55,136,0.404,33,58,0.569,0.595,3,4,0.75,9,62,71,67,36,9,14,69,234,DEN,2024,holidju01
18276,Richaun Holmes,C-PF,30,40,10,555,82,147,0.558,1,3,0.333,81,144,0.563,0.561,34,47,0.723,71,111,182,25,11,19,24,74,199,TOT,2024,holmeri01
18277,Richaun Holmes,C,30,23,2,237,33,59,0.559,0,0,,33,59,0.559,0.559,12,21,0.571,33,45,78,15,3,9,12,33,78,DAL,2024,holmeri01
18278,Richaun Holmes,PF,30,17,8,318,49,88,0.557,1,3,0.333,48,85,0.565,0.563,22,26,0.846,38,66,104,10,8,10,12,41,121,WAS,2024,holmeri01
18279,Chet Holmgren,C,21,82,82,2413,505,953,0.53,129,349,0.37,376,604,0.623,0.598,218,275,0.793,129,519,648,200,53,190,131,197,1357,OKC,2024,holmgch01
18280,Jalen Hood-Schifino,SG,20,21,0,109,10,45,0.222,2,15,0.133,8,30,0.267,0.244,12,20,0.6,2,11,13,8,3,2,9,13,34,LAL,2024,hoodsja01
18281,Al Horford,C,37,65,33,1740,214,419,0.511,108,258,0.419,106,161,0.658,0.64,26,30,0.867,82,331,413,168,38,62,48,93,562,BOS,2024,horfoal01
18282,Talen Horton-Tucker,PG,23,51,11,1009,184,465,0.396,60,182,0.33,124,283,0.438,0.46,88,109,0.807,21,100,121,177,45,19,65,94,516,UTA,2024,hortota01
18283,Danuel House Jr.,SF,30,34,4,509,47,105,0.448,15,50,0.3,32,55,0.582,0.519,35,46,0.761,16,42,58,28,15,5,19,45,144,PHI,2024,houseda01
18284,Caleb Houstan,SF,21,59,13,815,80,206,0.388,72,193,0.373,8,13,0.615,0.563,21,26,0.808,28,56,84,29,15,4,16,61,253,ORL,2024,houstca01
18285,Jett Howard,SF,20,18,0,67,10,30,0.333,7,25,0.28,3,5,0.6,0.45,2,4,0.5,1,6,7,6,2,2,3,4,29,ORL,2024,howarje01
18286,Kevin Huerter,SG,25,64,59,1562,248,560,0.443,123,341,0.361,125,219,0.571,0.553,36,47,0.766,38,186,224,166,45,23,53,135,655,SAC,2024,huertke01
18287,Jay Huff,C,25,20,0,49,9,15,0.6,3,9,0.333,6,6,1,0.7,2,2,1,2,9,11,2,2,3,1,9,23,DEN,2024,huffja01
18288,De'Andre Hunter,SF,26,57,37,1681,304,663,0.459,117,304,0.385,187,359,0.521,0.547,166,196,0.847,31,191,222,87,40,16,83,146,891,ATL,2024,huntede01
18289,Matthew Hurt,PF,23,8,0,113,12,34,0.353,5,20,0.25,7,14,0.5,0.426,3,3,1,9,7,16,4,3,3,2,8,32,MEM,2024,hurtma01
18290,Bones Hyland,PG,23,37,5,540,97,251,0.386,44,135,0.326,53,116,0.457,0.474,18,23,0.783,5,50,55,93,26,4,44,51,256,LAC,2024,hylanbo01
18291,Joe Ingles,SF,36,68,0,1169,99,227,0.436,70,161,0.435,29,66,0.439,0.59,28,34,0.824,18,124,142,203,43,5,67,88,296,ORL,2024,inglejo01
18292,Brandon Ingram,SF,26,64,64,2103,500,1017,0.492,86,242,0.355,414,775,0.534,0.534,246,307,0.801,43,281,324,363,50,40,163,145,1332,NOP,2024,ingrabr01
18293,Kyrie Irving,SG,31,58,58,2030,562,1131,0.497,173,421,0.411,389,710,0.548,0.573,190,210,0.905,44,246,290,299,74,28,106,112,1487,DAL,2024,irvinky01
18294,Jonathan Isaac,PF,26,58,2,914,146,286,0.51,42,112,0.375,104,174,0.598,0.584,59,82,0.72,73,187,260,30,43,70,27,64,393,ORL,2024,isaacjo01
18295,Jaden Ivey,SG,21,77,61,2217,417,973,0.429,124,369,0.336,293,604,0.485,0.492,227,303,0.749,86,178,264,296,57,41,190,204,1185,DET,2024,iveyja01
18296,Andre Jackson Jr.,SG,22,57,8,572,50,100,0.5,17,46,0.37,33,54,0.611,0.585,8,11,0.727,43,70,113,50,16,6,28,92,125,MIL,2024,jacksan01
18297,GG Jackson II,PF,19,48,18,1233,241,563,0.428,102,286,0.357,139,277,0.502,0.519,115,153,0.752,53,143,196,59,28,24,65,64,699,MEM,2024,jacksgg01
18298,Isaiah Jackson,C,22,59,3,771,155,233,0.665,0,4,0,155,229,0.677,0.665,73,102,0.716,94,144,238,50,34,61,39,137,383,IND,2024,jacksis01
18299,Jaren Jackson Jr.,C,24,66,66,2124,516,1162,0.444,117,366,0.32,399,796,0.501,0.494,337,417,0.808,85,280,365,154,80,106,160,235,1486,MEM,2024,jacksja02
18300,Justin Jackson,SF,28,2,0,1,0,0,,0,0,,0,0,,,0,0,,0,0,0,0,0,0,0,0,0,MIN,2024,jacksju01
18301,Quenton Jackson,PG,25,3,0,11,0,1,0,0,0,,0,1,0,0,2,2,1,0,4,4,2,1,0,0,1,2,IND,2024,jacksqu01
18302,Reggie Jackson,PG,33,82,23,1817,326,756,0.431,102,284,0.359,224,472,0.475,0.499,79,98,0.806,33,122,155,308,44,13,106,149,833,DEN,2024,jacksre01
18303,Trayce Jackson-Davis,PF,23,68,16,1130,233,332,0.702,0,1,0,233,331,0.704,0.702,74,132,0.561,135,206,341,82,29,76,49,108,540,GSW,2024,jackstr02
18304,LeBron James,PF,39,71,71,2504,685,1269,0.54,149,363,0.41,536,906,0.592,0.599,303,404,0.75,61,457,518,589,89,38,245,78,1822,LAL,2024,jamesle01
18305,Jaime Jaquez Jr.,SF,22,75,20,2113,341,697,0.489,65,202,0.322,276,495,0.558,0.536,142,175,0.811,82,203,285,195,77,20,110,167,889,MIA,2024,jaqueja01
18306,DeJon Jarreau,SG,26,9,0,150,17,50,0.34,4,13,0.308,13,37,0.351,0.38,5,11,0.455,8,36,44,26,6,2,9,14,43,MEM,2024,jarrede01
18307,DaQuan Jeffries,SG,26,17,0,46,6,17,0.353,2,10,0.2,4,7,0.571,0.412,0,2,0,0,5,5,5,0,1,3,2,14,NYK,2024,jeffrda01
18308,Trey Jemison,C,24,25,14,573,75,136,0.551,0,0,,75,136,0.551,0.551,21,25,0.84,64,70,134,27,12,28,34,69,171,TOT,2024,jemistr01
18309,Trey Jemison,C,24,2,0,1,0,0,,0,0,,0,0,,,0,0,,0,1,1,0,0,0,1,0,0,WAS,2024,jemistr01
18310,Trey Jemison,C,24,23,14,572,75,136,0.551,0,0,,75,136,0.551,0.551,21,25,0.84,64,69,133,27,12,28,33,69,171,MEM,2024,jemistr01
18311,Ty Jerome,SG,26,2,0,15,2,4,0.5,0,1,0,2,3,0.667,0.5,0,0,,1,0,1,3,0,0,1,2,4,CLE,2024,jeromty01
18312,Isaiah Joe,SG,24,78,1,1445,222,485,0.458,147,353,0.416,75,132,0.568,0.609,45,52,0.865,32,148,180,99,46,22,47,87,636,OKC,2024,joeis01
18313,Cameron Johnson,PF,27,58,47,1599,276,619,0.446,138,353,0.391,138,266,0.519,0.557,86,109,0.789,55,196,251,138,49,15,57,105,776,BRK,2024,johnsca02
18314,Jalen Johnson,SF,22,56,52,1889,359,702,0.511,71,200,0.355,288,502,0.574,0.562,107,147,0.728,74,414,488,203,67,47,101,133,896,ATL,2024,johnsja05
18315,James Johnson,PF,36,9,0,47,3,10,0.3,0,2,0,3,8,0.375,0.3,2,2,1,1,3,4,8,5,1,5,9,8,IND,2024,johnsja01
18316,Keldon Johnson,SF,24,69,27,2038,391,862,0.454,127,367,0.346,264,495,0.533,0.527,175,221,0.792,95,282,377,195,51,20,100,149,1084,SAS,2024,johnske04
18317,Keon Johnson,SG,21,5,0,61,8,21,0.381,4,10,0.4,4,11,0.364,0.476,11,12,0.917,3,4,7,3,3,1,5,5,31,BRK,2024,johnske07
18318,Keyontae Johnson,SF,23,9,0,66,5,16,0.313,1,3,0.333,4,13,0.308,0.344,0,0,,4,6,10,4,1,0,4,5,11,OKC,2024,johnske08
18319,Nikola Jokić,C,28,79,79,2737,822,1411,0.583,83,231,0.359,739,1180,0.626,0.612,358,438,0.817,223,753,976,708,108,68,237,194,2085,DEN,2024,jokicni01
18320,Colby Jones,SG,21,30,0,192,28,71,0.394,2,22,0.091,26,49,0.531,0.408,6,11,0.545,17,23,40,20,7,5,10,29,64,SAC,2024,jonesco02
18321,Damian Jones,C,28,39,0,270,43,72,0.597,3,14,0.214,40,58,0.69,0.618,18,21,0.857,20,42,62,15,7,13,13,27,107,CLE,2024,jonesda03
18322,Derrick Jones Jr.,SF,26,76,66,1783,239,495,0.483,82,239,0.343,157,256,0.613,0.566,97,136,0.713,82,168,250,75,53,51,65,121,657,DAL,2024,jonesde02
18323,Herbert Jones,SF,25,76,76,2321,293,588,0.498,114,273,0.418,179,315,0.568,0.595,137,158,0.867,74,198,272,199,105,62,93,224,837,NOP,2024,joneshe01
18324,Mason Jones,SG,25,5,0,28,2,8,0.25,2,7,0.286,0,1,0,0.375,1,2,0.5,1,4,5,5,1,0,2,3,7,SAC,2024,jonesma05
18325,Tre Jones,PG,24,77,48,2138,303,600,0.505,64,191,0.335,239,409,0.584,0.558,101,118,0.856,58,231,289,478,78,9,116,92,771,SAS,2024,jonestr01
18326,Tyus Jones,PG,27,66,66,1933,326,666,0.489,106,256,0.414,220,410,0.537,0.569,32,40,0.8,20,159,179,485,71,18,66,48,790,WAS,2024,jonesty01
18327,DeAndre Jordan,C,35,36,2,396,58,93,0.624,0,0,,58,93,0.624,0.624,26,53,0.491,54,103,157,26,6,16,23,56,142,DEN,2024,jordade01
18328,Cory Joseph,PG,32,26,0,296,23,64,0.359,13,42,0.31,10,22,0.455,0.461,4,7,0.571,6,24,30,42,4,3,12,25,63,GSW,2024,josepco01
18329,Nikola Jović,PF,20,46,38,896,127,281,0.452,65,163,0.399,62,118,0.525,0.568,33,47,0.702,25,167,192,90,25,14,42,82,352,MIA,2024,jovicni01
18330,Johnny Juzang,SG,22,20,5,372,51,110,0.464,32,77,0.416,19,33,0.576,0.609,10,14,0.714,7,29,36,23,4,2,13,29,144,UTA,2024,juzanjo01
18331,Luke Kennard,SG,27,39,22,999,141,315,0.448,107,238,0.45,34,77,0.442,0.617,40,45,0.889,11,102,113,136,20,2,54,39,429,MEM,2024,kennalu01
18332,Walker Kessler,C,22,64,22,1493,229,350,0.654,4,19,0.211,225,331,0.68,0.66,56,93,0.602,165,316,481,60,30,154,66,132,518,UTA,2024,kesslwa01
18333,Braxton Key,SF,26,20,0,60,7,17,0.412,2,5,0.4,5,12,0.417,0.471,6,8,0.75,3,15,18,9,2,1,1,5,22,DEN,2024,keybr01
18334,Corey Kispert,SF,24,80,22,2067,386,794,0.486,184,480,0.383,202,314,0.643,0.602,114,157,0.726,30,195,225,156,41,16,98,141,1070,WAS,2024,kispeco01
18335,Maxi Kleber,C,32,43,7,871,63,146,0.432,32,92,0.348,31,54,0.574,0.541,33,47,0.702,30,113,143,68,17,30,28,79,191,DAL,2024,klebima01
18336,Kevin Knox,SF,24,31,11,560,86,186,0.462,31,94,0.33,55,92,0.598,0.546,20,22,0.909,18,57,75,23,13,7,22,50,223,DET,2024,knoxke01
18337,John Konchar,SF,27,55,23,1173,88,208,0.423,38,120,0.317,50,88,0.568,0.514,21,25,0.84,72,185,257,110,51,51,46,76,235,MEM,2024,konchjo01
18338,Furkan Korkmaz,SG,26,35,0,300,30,76,0.395,14,40,0.35,16,36,0.444,0.487,14,20,0.7,4,26,30,25,14,3,10,17,88,PHI,2024,korkmfu01
18339,Luke Kornet,C,28,63,7,983,142,203,0.7,1,1,1,141,202,0.698,0.702,49,54,0.907,118,143,261,67,23,61,21,77,334,BOS,2024,kornelu01
18340,Vit Krejci,PG,23,22,14,541,51,104,0.49,28,68,0.412,23,36,0.639,0.625,5,6,0.833,11,41,52,50,13,6,20,48,135,ATL,2024,krejcvi01
18341,Jonathan Kuminga,PF,21,74,46,1949,456,862,0.529,53,165,0.321,403,697,0.578,0.56,223,299,0.746,92,263,355,163,55,36,122,169,1188,GSW,2024,kuminjo01
18342,Kyle Kuzma,PF,28,70,70,2281,608,1313,0.463,151,450,0.336,457,863,0.53,0.521,186,240,0.775,62,402,464,296,37,49,192,153,1553,WAS,2024,kuzmaky01
18343,Jock Landale,C,28,56,3,763,106,206,0.515,10,40,0.25,96,166,0.578,0.539,52,65,0.8,88,84,172,65,20,33,31,74,274,HOU,2024,landajo01
18344,Jake LaRavia,PF,22,35,6,806,118,303,0.389,53,156,0.34,65,147,0.442,0.477,90,109,0.826,51,77,128,58,29,12,45,69,379,MEM,2024,laravja01
18345,Zach LaVine,SG,28,25,23,872,170,376,0.452,59,169,0.349,111,207,0.536,0.531,88,103,0.854,8,121,129,98,21,8,52,57,487,CHI,2024,lavinza01
18346,A.J. Lawson,SG,23,42,0,311,54,121,0.446,13,50,0.26,41,71,0.577,0.5,15,23,0.652,14,36,50,20,10,3,14,22,136,DAL,2024,lawsoaj01
18347,Saben Lee,PG,24,24,0,185,20,55,0.364,2,16,0.125,18,39,0.462,0.382,29,39,0.744,9,22,31,30,7,3,8,13,71,PHO,2024,leesa01
18348,Alex Len,C,30,48,0,444,50,81,0.617,0,3,0,50,78,0.641,0.617,20,34,0.588,46,82,128,50,11,33,27,66,120,SAC,2024,lenal01
18349,Kawhi Leonard,SF,32,68,68,2330,610,1162,0.525,140,336,0.417,470,826,0.569,0.585,253,286,0.885,84,332,416,244,111,59,119,97,1613,LAC,2024,leonaka01
18350,Caris LeVert,SG,29,68,10,1958,345,820,0.421,108,332,0.325,237,488,0.486,0.487,154,201,0.766,39,241,280,346,76,34,117,121,952,CLE,2024,leverca01
18351,Kira Lewis Jr.,PG,22,28,0,265,34,92,0.37,4,33,0.121,30,59,0.508,0.391,17,20,0.85,9,17,26,37,9,2,14,13,89,TOT,2024,lewiski01
18352,Kira Lewis Jr.,PG,22,15,0,144,16,52,0.308,2,20,0.1,14,32,0.438,0.327,10,11,0.909,4,10,14,18,5,1,8,8,44,NOP,2024,lewiski01
18353,Kira Lewis Jr.,PG,22,1,0,2,0,0,,0,0,,0,0,,,0,0,,0,0,0,0,0,0,0,1,0,TOR,2024,lewiski01
18354,Kira Lewis Jr.,PG,22,12,0,119,18,40,0.45,2,13,0.154,16,27,0.593,0.475,7,9,0.778,5,7,12,19,4,1,6,4,45,UTA,2024,lewiski01
18355,Maxwell Lewis,SF,21,34,0,103,4,21,0.19,1,9,0.111,3,12,0.25,0.214,2,3,0.667,2,2,4,6,2,1,10,5,11,LAL,2024,lewisma05
18356,E.J. Liddell,PF,23,8,0,23,1,6,0.167,0,5,0,1,1,1,0.167,2,2,1,0,5,5,1,2,2,2,2,4,NOP,2024,liddeej01
18357,Damian Lillard,PG,33,73,73,2579,541,1277,0.424,220,622,0.354,321,655,0.49,0.51,473,514,0.92,36,284,320,508,72,18,193,134,1775,MIL,2024,lillada01
18358,Nassir Little,SF,23,45,2,458,57,124,0.46,21,70,0.3,36,54,0.667,0.544,17,20,0.85,14,61,75,21,10,10,14,39,152,PHO,2024,littlna01
18359,Dereck Lively II,C,19,55,42,1294,221,296,0.747,0,2,0,221,294,0.752,0.747,41,81,0.506,135,243,378,60,36,77,50,144,483,DAL,2024,livelde01
18360,Isaiah Livers,PF,25,23,6,469,40,116,0.345,22,77,0.286,18,39,0.462,0.44,12,18,0.667,15,33,48,25,13,5,16,43,114,DET,2024,liveris01
18361,Chris Livingston,SF,20,21,0,90,11,22,0.5,1,5,0.2,10,17,0.588,0.523,3,4,0.75,3,18,21,5,2,0,5,15,26,MIL,2024,livinch01
18362,Kenneth Lofton Jr.,PF,21,21,0,199,36,78,0.462,7,24,0.292,29,54,0.537,0.506,17,26,0.654,12,26,38,33,6,5,14,24,96,TOT,2024,loftoke01
18363,Kenneth Lofton Jr.,PF,21,15,0,99,14,37,0.378,3,10,0.3,11,27,0.407,0.419,8,15,0.533,2,13,15,14,3,3,6,15,39,MEM,2024,loftoke01
18364,Kenneth Lofton Jr.,PF,21,2,0,9,1,6,0.167,0,2,0,1,4,0.25,0.167,0,0,,0,3,3,0,0,0,2,0,2,PHI,2024,loftoke01
18365,Kenneth Lofton Jr.,PF,21,4,0,91,21,35,0.6,4,12,0.333,17,23,0.739,0.657,9,11,0.818,10,10,20,19,3,2,6,9,55,UTA,2024,loftoke01
18366,Kevon Looney,C,27,74,36,1194,139,233,0.597,0,1,0,139,232,0.599,0.597,56,83,0.675,143,276,419,133,28,29,50,155,334,GSW,2024,looneke01
18367,Brook Lopez,C,35,79,79,2411,366,755,0.485,148,404,0.366,218,351,0.621,0.583,110,134,0.821,117,292,409,127,43,189,79,191,990,MIL,2024,lopezbr01
18368,Robin Lopez,C,35,16,2,65,7,19,0.368,2,8,0.25,5,11,0.455,0.421,2,2,1,3,2,5,4,1,3,2,7,18,MIL,2024,lopezro01
18369,Kevin Love,PF,35,55,5,924,158,359,0.44,84,244,0.344,74,115,0.643,0.557,85,108,0.787,59,279,338,115,18,10,48,97,485,MIA,2024,loveke01
18370,Kyle Lowry,PG,37,60,55,1690,163,377,0.432,98,250,0.392,65,127,0.512,0.562,63,75,0.84,34,160,194,253,59,21,85,146,487,TOT,2024,lowryky01
18371,Kyle Lowry,PG,37,37,35,1037,103,242,0.426,62,161,0.385,41,81,0.506,0.554,35,42,0.833,25,104,129,147,39,15,53,94,303,MIA,2024,lowryky01
18372,Kyle Lowry,PG,37,23,20,653,60,135,0.444,36,89,0.404,24,46,0.522,0.578,28,33,0.848,9,56,65,106,20,6,32,52,184,PHI,2024,lowryky01
18373,Seth Lundy,SF,23,9,0,52,4,17,0.235,3,13,0.231,1,4,0.25,0.324,3,4,0.75,1,6,7,0,0,0,1,6,14,ATL,2024,lundyse01
18374,Trey Lyles,PF,28,58,0,1158,143,321,0.445,84,219,0.384,59,102,0.578,0.576,49,70,0.7,61,196,257,72,17,19,38,86,419,SAC,2024,lylestr01
18375,Théo Maledon,PG,22,17,1,213,20,70,0.286,5,30,0.167,15,40,0.375,0.321,14,15,0.933,4,20,24,28,7,0,18,21,59,TOT,2024,maledth01
18376,Théo Maledon,PG,22,13,1,200,19,66,0.288,5,30,0.167,14,36,0.389,0.326,11,12,0.917,4,19,23,28,7,0,15,18,54,CHO,2024,maledth01
18377,Théo Maledon,PG,22,4,0,13,1,4,0.25,0,0,,1,4,0.25,0.25,3,3,1,0,1,1,0,0,0,3,3,5,PHO,2024,maledth01
18378,Sandro Mamukelashvili,C,24,46,5,451,73,155,0.471,19,64,0.297,54,91,0.593,0.532,25,34,0.735,45,102,147,49,7,12,19,35,190,SAS,2024,mamuksa01
18379,Terance Mann,SG,27,75,71,1873,254,493,0.515,71,204,0.348,183,289,0.633,0.587,79,95,0.832,87,167,254,119,43,15,48,145,658,LAC,2024,mannte01
18380,Tre Mann,PG,22,41,28,987,145,316,0.459,47,126,0.373,98,190,0.516,0.533,45,59,0.763,20,129,149,165,51,3,65,48,382,TOT,2024,manntr01
18381,Tre Mann,PG,22,13,0,119,20,40,0.5,8,19,0.421,12,21,0.571,0.6,1,1,1,4,20,24,20,3,0,9,3,49,OKC,2024,manntr01
18382,Tre Mann,PG,22,28,28,868,125,276,0.453,39,107,0.364,86,169,0.509,0.524,44,58,0.759,16,109,125,145,48,3,56,45,333,CHO,2024,manntr01
18383,Boban Marjanović,C,35,14,0,71,18,34,0.529,0,2,0,18,32,0.563,0.529,9,14,0.643,7,25,32,6,1,2,5,5,45,HOU,2024,marjabo01
18384,Lauri Markkanen,PF,26,55,55,1820,427,890,0.48,175,439,0.399,252,451,0.559,0.578,249,277,0.899,122,327,449,110,50,26,77,100,1278,UTA,2024,markkla01
18385,Naji Marshall,SF,26,66,1,1257,170,367,0.463,58,150,0.387,112,217,0.516,0.542,68,86,0.791,53,187,240,128,49,12,65,91,466,NOP,2024,marshna01
18386,Caleb Martin,SF,28,64,23,1756,241,559,0.431,81,232,0.349,160,327,0.489,0.504,77,99,0.778,74,207,281,143,47,29,77,126,640,MIA,2024,martica02
18387,Cody Martin,SF,28,28,22,753,82,215,0.381,27,86,0.314,55,129,0.426,0.444,20,33,0.606,19,90,109,104,32,18,44,48,211,CHO,2024,martico01
18388,KJ Martin,SF,23,60,2,746,97,181,0.536,8,28,0.286,89,153,0.582,0.558,22,41,0.537,41,90,131,51,22,12,32,100,224,TOT,2024,martike04
18389,KJ Martin,SF,23,2,0,31,4,10,0.4,1,5,0.2,3,5,0.6,0.45,1,2,0.5,1,2,3,1,2,1,2,3,10,LAC,2024,martike04
18390,KJ Martin,SF,23,58,2,715,93,171,0.544,7,23,0.304,86,148,0.581,0.564,21,39,0.538,40,88,128,50,20,11,30,97,214,PHI,2024,martike04
18391,Garrison Mathews,SG,27,66,5,992,103,226,0.456,85,193,0.44,18,33,0.545,0.644,34,42,0.81,17,75,92,37,20,8,19,115,325,ATL,2024,mathega01
18392,Bennedict Mathurin,SF,21,59,19,1538,296,663,0.446,80,214,0.374,216,449,0.481,0.507,184,224,0.821,60,174,234,119,35,14,97,117,856,IND,2024,mathube01
18393,Wesley Matthews,SG,37,36,3,413,34,97,0.351,24,69,0.348,10,28,0.357,0.474,18,24,0.75,9,44,53,23,16,11,8,43,110,ATL,2024,matthwe02
18394,Tyrese Maxey,PG,23,70,70,2626,638,1419,0.45,212,569,0.373,426,850,0.501,0.524,328,378,0.868,36,222,258,433,69,33,116,151,1816,PHI,2024,maxeyty01
18395,Skylar Mays,PG-SG,26,38,5,433,63,159,0.396,16,54,0.296,47,105,0.448,0.447,13,17,0.765,10,33,43,85,21,4,20,26,155,TOT,2024,mayssk01
18396,Skylar Mays,PG,26,21,5,356,53,138,0.384,14,49,0.286,39,89,0.438,0.435,13,17,0.765,9,28,37,75,14,3,18,20,133,POR,2024,mayssk01
18397,Skylar Mays,SG,26,17,0,77,10,21,0.476,2,5,0.4,8,16,0.5,0.524,0,0,,1,5,6,10,7,1,2,6,22,LAL,2024,mayssk01
18398,Miles McBride,PG,23,68,14,1328,205,454,0.452,109,266,0.41,96,188,0.511,0.572,43,50,0.86,31,69,100,114,50,7,30,108,562,NYK,2024,mcbrimi01
18399,CJ McCollum,PG,32,66,66,2159,484,1055,0.459,239,557,0.429,245,498,0.492,0.572,115,139,0.827,39,247,286,305,62,41,110,126,1322,NOP,2024,mccolcj01
18400,T.J. McConnell,PG,31,71,4,1291,330,593,0.556,18,44,0.409,312,549,0.568,0.572,49,62,0.79,36,155,191,390,72,8,108,79,727,IND,2024,mccontj01
18401,Jaden McDaniels,SF,23,72,71,2105,307,628,0.489,86,255,0.337,221,373,0.592,0.557,57,79,0.722,56,168,224,101,63,42,87,219,757,MIN,2024,mcdanja02
18402,Jalen McDaniels,SF,26,50,1,538,65,189,0.344,12,71,0.169,53,118,0.449,0.376,27,37,0.73,18,61,79,37,19,6,30,52,169,TOR,2024,mcdanja01
18403,Doug McDermott,SF,32,64,0,904,123,284,0.433,94,229,0.41,29,55,0.527,0.599,11,19,0.579,10,49,59,70,16,2,28,64,351,TOT,2024,mcderdo01
18404,Doug McDermott,SF,32,46,0,700,95,215,0.442,76,173,0.439,19,42,0.452,0.619,10,17,0.588,8,40,48,57,11,2,24,48,276,SAS,2024,mcderdo01
18405,Doug McDermott,SF,32,18,0,204,28,69,0.406,18,56,0.321,10,13,0.769,0.536,1,2,0.5,2,9,11,13,5,0,4,16,75,IND,2024,mcderdo01
18406,JaVale McGee,C,36,46,0,339,79,132,0.598,1,7,0.143,78,125,0.624,0.602,26,45,0.578,42,84,126,17,14,20,34,46,185,SAC,2024,mcgeeja01
18407,Bryce McGowens,SG,21,59,14,882,101,230,0.439,34,102,0.333,67,128,0.523,0.513,66,85,0.776,17,85,102,51,21,10,30,74,302,CHO,2024,mcgowbr01
18408,Jordan McLaughlin,PG,27,56,0,626,70,145,0.483,42,89,0.472,28,56,0.5,0.628,13,18,0.722,18,54,72,110,35,7,19,31,195,MIN,2024,mclaujo01
18409,De'Anthony Melton,SG,25,38,33,1023,139,360,0.386,77,214,0.36,62,146,0.425,0.493,66,79,0.835,28,113,141,114,60,16,39,84,421,PHI,2024,meltode01
18410,Nathan Mensah,C,25,25,0,307,12,28,0.429,0,0,,12,28,0.429,0.429,9,12,0.75,29,36,65,9,6,14,14,64,33,CHO,2024,mensana01
18411,Sam Merrill,SG,27,61,1,1069,158,393,0.402,143,354,0.404,15,39,0.385,0.584,26,28,0.929,22,98,120,108,19,4,19,72,485,CLE,2024,merrisa01
18412,Chimezie Metu,C,26,51,12,859,123,244,0.504,28,94,0.298,95,150,0.633,0.561,58,64,0.906,41,153,194,46,43,16,52,71,332,TOT,2024,metuch01
18413,Chimezie Metu,C,26,37,5,448,66,130,0.508,15,51,0.294,51,79,0.646,0.565,38,43,0.884,24,86,110,19,19,9,27,39,185,PHO,2024,metuch01
18414,Chimezie Metu,C,26,14,7,411,57,114,0.5,13,43,0.302,44,71,0.62,0.557,20,21,0.952,17,67,84,27,24,7,25,32,147,DET,2024,metuch01
18415,Vasilije Micić,PG,30,60,21,1176,159,370,0.43,43,154,0.279,116,216,0.537,0.488,61,75,0.813,14,74,88,262,31,7,99,68,422,TOT,2024,micicva01
18416,Vasilije Micić,PG,30,30,0,361,37,91,0.407,11,45,0.244,26,46,0.565,0.467,14,19,0.737,1,23,24,76,9,3,29,22,99,OKC,2024,micicva01
18417,Vasilije Micić,PG,30,30,21,815,122,279,0.437,32,109,0.294,90,170,0.529,0.495,47,56,0.839,13,51,64,186,22,4,70,46,323,CHO,2024,micicva01
18418,Khris Middleton,SF,32,55,55,1487,317,643,0.493,94,247,0.381,223,396,0.563,0.566,100,120,0.833,40,217,257,292,51,15,127,141,828,MIL,2024,middlkh01
18419,Brandon Miller,SF,21,74,68,2383,476,1083,0.44,184,493,0.373,292,590,0.495,0.524,143,173,0.827,60,255,315,175,66,42,132,184,1279,CHO,2024,millebr02
18420,Jordan Miller,SF,24,8,0,28,5,9,0.556,1,2,0.5,4,7,0.571,0.611,2,2,1,3,2,5,0,0,0,1,2,13,LAC,2024,millejo02
18421,Leonard Miller,SF,20,17,0,52,13,20,0.65,2,5,0.4,11,15,0.733,0.7,1,2,0.5,5,15,20,8,2,1,1,5,29,MIN,2024,millele01
18422,Dariq Whitehead,SF,19,2,0,24,1,5,0.2,0,3,0,1,2,0.5,0.2,1,2,0.5,0,4,4,3,0,1,0,0,3,BRK,2024,whiteda01
18423,Patty Mills,PG,35,32,5,415,46,131,0.351,24,87,0.276,22,44,0.5,0.443,11,11,1,9,26,35,34,20,1,16,32,127,TOT,2024,millspa02
18424,Patty Mills,PG,35,19,0,202,19,51,0.373,13,34,0.382,6,17,0.353,0.5,0,0,,5,15,20,14,9,1,8,17,51,ATL,2024,millspa02
18425,Patty Mills,PG,35,13,5,213,27,80,0.338,11,53,0.208,16,27,0.593,0.406,11,11,1,4,11,15,20,11,0,8,15,76,MIA,2024,millspa02
18426,Shake Milton,SG,27,48,0,581,79,195,0.405,18,64,0.281,61,131,0.466,0.451,40,49,0.816,14,61,75,60,19,6,31,54,216,TOT,2024,miltosh01
18427,Shake Milton,SG,27,38,0,491,64,160,0.4,14,53,0.264,50,107,0.467,0.444,36,44,0.818,7,44,51,50,16,5,28,44,178,MIN,2024,miltosh01
18428,Shake Milton,SG,27,4,0,63,11,26,0.423,3,9,0.333,8,17,0.471,0.481,2,3,0.667,7,11,18,6,2,1,3,3,27,DET,2024,miltosh01
18429,Shake Milton,SG,27,6,0,27,4,9,0.444,1,2,0.5,3,7,0.429,0.5,2,2,1,0,6,6,4,1,0,0,7,11,NYK,2024,miltosh01
18430,Justin Minaya,SF,24,34,1,381,22,74,0.297,12,49,0.245,10,25,0.4,0.378,5,9,0.556,30,26,56,21,9,10,9,35,61,POR,2024,minayju01
18431,Josh Minott,SF,21,32,0,91,17,36,0.472,4,10,0.4,13,26,0.5,0.528,12,14,0.857,4,13,17,8,5,5,2,10,50,MIN,2024,minotjo01
18432,Davion Mitchell,PG,25,72,4,1101,146,323,0.452,57,158,0.361,89,165,0.539,0.54,30,42,0.714,19,76,95,134,17,3,43,85,379,SAC,2024,mitchda01
18433,Donovan Mitchell,SG,27,55,55,1942,503,1089,0.462,182,494,0.368,321,595,0.539,0.545,275,318,0.865,46,234,280,333,101,30,154,118,1463,CLE,2024,mitchdo01
18434,Evan Mobley,PF,22,50,50,1532,320,552,0.58,22,59,0.373,298,493,0.604,0.6,123,171,0.719,111,357,468,160,45,72,90,134,785,CLE,2024,mobleev01
18435,Isaiah Mobley,PF,24,10,0,72,10,24,0.417,3,10,0.3,7,14,0.5,0.479,0,1,0,3,7,10,6,2,0,2,6,23,CLE,2024,mobleis01
18436,Malik Monk,SG,25,72,0,1872,396,893,0.443,148,423,0.35,248,470,0.528,0.526,170,205,0.829,28,184,212,370,45,39,150,156,1110,SAC,2024,monkma01
18437,Moses Moody,SG,21,66,9,1156,194,420,0.462,72,200,0.36,122,220,0.555,0.548,73,93,0.785,65,131,196,57,42,24,44,90,533,GSW,2024,moodymo01
18438,Xavier Moon,SG,29,14,1,119,15,46,0.326,2,17,0.118,13,29,0.448,0.348,1,2,0.5,8,10,18,21,3,3,5,8,33,LAC,2024,moonxa01
18439,Taze Moore,SG,25,4,0,40,8,19,0.421,1,7,0.143,7,12,0.583,0.447,1,2,0.5,4,4,8,5,2,0,3,4,18,POR,2024,mooreta02
18440,Wendell Moore Jr.,SG,22,25,0,75,9,18,0.5,0,6,0,9,12,0.75,0.5,0,0,,0,12,12,6,5,1,4,5,18,MIN,2024,moorewe01
18441,Ja Morant,PG,24,9,9,318,80,170,0.471,14,51,0.275,66,119,0.555,0.512,52,64,0.813,6,44,50,73,7,5,27,19,226,MEM,2024,moranja01
18442,Marcus Morris,PF,34,49,7,817,116,264,0.439,48,119,0.403,68,145,0.469,0.53,36,44,0.818,23,111,134,36,15,13,30,74,316,TOT,2024,morrima03
18443,Marcus Morris,PF,34,37,7,637,90,205,0.439,36,90,0.4,54,115,0.47,0.527,31,36,0.861,18,91,109,26,13,11,19,61,247,PHI,2024,morrima03
18444,Marcus Morris,PF,34,12,0,180,26,59,0.441,12,29,0.414,14,30,0.467,0.542,5,8,0.625,5,20,25,10,2,2,11,13,69,CLE,2024,morrima03
18445,Markieff Morris,PF,34,26,1,216,23,68,0.338,15,42,0.357,8,26,0.308,0.449,5,6,0.833,4,35,39,16,5,3,12,12,66,DAL,2024,morrima02
18446,Monte Morris,PG,28,33,0,476,62,153,0.405,27,70,0.386,35,83,0.422,0.493,13,19,0.684,7,50,57,69,19,9,7,14,164,TOT,2024,morrimo01
18447,Monte Morris,PG,28,6,0,68,12,33,0.364,2,11,0.182,10,22,0.455,0.394,1,2,0.5,2,10,12,8,1,1,2,1,27,DET,2024,morrimo01
18448,Monte Morris,PG,28,27,0,408,50,120,0.417,25,59,0.424,25,61,0.41,0.521,12,17,0.706,5,40,45,61,18,8,5,13,137,MIN,2024,morrimo01
18449,Trey Murphy III,SF,23,57,23,1690,275,621,0.443,169,445,0.38,106,176,0.602,0.579,123,151,0.815,42,238,280,124,51,28,34,70,842,NOP,2024,murphtr02
18450,Dejounte Murray,SG,27,78,78,2783,672,1463,0.459,201,554,0.363,471,909,0.518,0.528,208,262,0.794,62,354,416,502,111,24,201,138,1753,ATL,2024,murrade01
18451,Jamal Murray,PG,26,59,59,1861,474,986,0.481,145,341,0.425,329,645,0.51,0.554,157,184,0.853,42,200,242,384,57,39,125,104,1250,DEN,2024,murraja01
18452,Keegan Murray,SF,23,77,77,2588,443,975,0.454,183,511,0.358,260,464,0.56,0.548,103,124,0.831,106,314,420,129,79,59,64,205,1172,SAC,2024,murrake02
18453,Kris Murray,SF,23,62,29,1348,145,366,0.396,49,183,0.268,96,183,0.525,0.463,37,56,0.661,85,139,224,80,53,21,55,92,376,POR,2024,murrakr01
18454,Mike Muscala,C,32,53,6,600,56,156,0.359,28,96,0.292,28,60,0.467,0.449,17,25,0.68,39,86,125,36,9,13,22,52,157,TOT,2024,muscami01
18455,Mike Muscala,C,32,24,2,338,33,90,0.367,14,51,0.275,19,39,0.487,0.444,15,20,0.75,22,53,75,22,5,7,16,31,95,WAS,2024,muscami01
18456,Mike Muscala,C,32,13,4,171,15,44,0.341,13,34,0.382,2,10,0.2,0.489,2,4,0.5,10,19,29,10,3,5,2,13,45,DET,2024,muscami01
18457,Mike Muscala,C,32,16,0,91,8,22,0.364,1,11,0.091,7,11,0.636,0.386,0,1,0,7,14,21,4,1,1,4,8,17,OKC,2024,muscami01
18458,Svi Mykhailiuk,SF,26,41,2,413,57,137,0.416,42,108,0.389,15,29,0.517,0.569,6,9,0.667,11,40,51,35,11,1,12,19,162,BOS,2024,mykhasv01
18459,Larry Nance Jr.,C,31,61,0,1216,138,241,0.573,27,65,0.415,111,176,0.631,0.629,47,61,0.77,94,213,307,113,61,19,49,98,350,NOP,2024,nancela02
18460,Pete Nance,PF,23,8,0,27,1,6,0.167,1,1,1,0,5,0,0.25,0,2,0,0,3,3,0,1,0,1,2,3,CLE,2024,nancepe01
18461,Andrew Nembhard,PG,24,68,47,1697,260,522,0.498,61,171,0.357,199,351,0.567,0.557,45,56,0.804,36,105,141,280,63,6,101,143,626,IND,2024,nembhan01
18462,Aaron Nesmith,SF,24,72,47,1995,315,635,0.496,140,334,0.419,175,301,0.581,0.606,107,137,0.781,63,212,275,108,65,49,64,241,877,IND,2024,nesmiaa01
18463,Georges Niang,PF,30,82,10,1831,284,632,0.449,149,396,0.376,135,236,0.572,0.567,51,60,0.85,22,256,278,98,30,18,72,192,768,CLE,2024,niangge01
18464,Daishen Nix,PG,21,15,0,50,9,24,0.375,6,17,0.353,3,7,0.429,0.5,3,6,0.5,1,2,3,6,5,0,5,2,27,MIN,2024,nixda01
18465,Zeke Nnaji,PF,23,58,0,576,69,149,0.463,6,23,0.261,63,126,0.5,0.483,42,62,0.677,61,65,126,32,15,38,27,81,186,DEN,2024,nnajize01
18466,Jaylen Nowell,SG,24,13,1,214,34,78,0.436,6,29,0.207,28,49,0.571,0.474,7,9,0.778,6,18,24,19,4,2,7,15,81,TOT,2024,nowelja01
18467,Jaylen Nowell,SG,24,9,1,156,22,55,0.4,4,23,0.174,18,32,0.563,0.436,3,3,1,3,11,14,16,3,0,5,13,51,MEM,2024,nowelja01
18468,Jaylen Nowell,SG,24,4,0,58,12,23,0.522,2,6,0.333,10,17,0.588,0.565,4,6,0.667,3,7,10,3,1,2,2,2,30,DET,2024,nowelja01
18469,Markquis Nowell,SG,24,1,0,4,0,1,0,0,0,,0,1,0,0,2,2,1,2,0,2,2,1,0,0,0,2,TOR,2024,nowelma01
18470,Frank Ntilikina,PG,25,5,0,43,1,9,0.111,1,8,0.125,0,1,0,0.167,2,2,1,1,5,6,4,0,0,1,4,5,CHO,2024,ntilila01
18471,Jusuf Nurkić,C,29,76,76,2078,320,627,0.51,22,90,0.244,298,537,0.555,0.528,167,261,0.64,224,613,837,301,81,80,175,254,829,PHO,2024,nurkiju01
18472,Jordan Nwora,SF,25,52,1,712,138,299,0.462,44,131,0.336,94,168,0.56,0.535,44,53,0.83,28,121,149,62,26,13,53,48,364,TOT,2024,nworajo01
18473,Jordan Nwora,SF,25,18,0,183,37,82,0.451,11,36,0.306,26,46,0.565,0.518,9,11,0.818,8,25,33,18,6,1,12,19,94,IND,2024,nworajo01
18474,Jordan Nwora,SF,25,34,1,529,101,217,0.465,33,95,0.347,68,122,0.557,0.541,35,42,0.833,20,96,116,44,20,12,41,29,270,TOR,2024,nworajo01
18475,Royce O'Neale,SF,30,79,14,1954,214,539,0.397,156,422,0.37,58,117,0.496,0.542,24,35,0.686,60,317,377,219,59,44,73,174,608,TOT,2024,onealro01
18476,Royce O'Neale,SF,30,49,6,1202,126,325,0.388,97,265,0.366,29,60,0.483,0.537,15,22,0.682,38,183,221,137,32,29,51,120,364,BRK,2024,onealro01
18477,Royce O'Neale,SF,30,30,8,752,88,214,0.411,59,157,0.376,29,57,0.509,0.549,9,13,0.692,22,134,156,82,27,15,22,54,244,PHO,2024,onealro01
18478,Chuma Okeke,SF,25,47,8,432,40,112,0.357,23,82,0.28,17,30,0.567,0.46,4,7,0.571,18,62,80,20,9,7,16,19,107,ORL,2024,okekech01
18479,Josh Okogie,SG,25,60,11,960,86,206,0.417,29,94,0.309,57,112,0.509,0.488,76,102,0.745,74,80,154,64,48,24,36,68,277,PHO,2024,okogijo01
18480,Onyeka Okongwu,C,23,55,8,1405,223,365,0.611,23,69,0.333,200,296,0.676,0.642,92,116,0.793,145,231,376,74,26,60,45,162,561,ATL,2024,okongon01
18481,Isaac Okoro,SF,23,69,42,1887,235,480,0.49,84,215,0.391,151,265,0.57,0.577,93,137,0.679,67,139,206,132,57,34,54,140,647,CLE,2024,okorois01
18482,Kelly Olynyk,C,32,78,27,1759,276,497,0.555,60,155,0.387,216,342,0.632,0.616,150,180,0.833,108,303,411,347,74,30,152,230,762,TOT,2024,olynyke01
18483,Kelly Olynyk,C,32,50,8,1019,145,258,0.562,36,84,0.429,109,174,0.626,0.632,80,95,0.842,63,191,254,219,37,12,81,132,406,UTA,2024,olynyke01
18484,Kelly Olynyk,C,32,28,19,740,131,239,0.548,24,71,0.338,107,168,0.637,0.598,70,85,0.824,45,112,157,128,37,18,71,98,356,TOR,2024,olynyke01
18485,Eugene Omoruyi,SF,26,43,0,393,81,167,0.485,13,46,0.283,68,121,0.562,0.524,32,49,0.653,35,50,85,35,27,5,21,62,207,WAS,2024,omorueu01
18486,Cedi Osman,SF,28,72,3,1269,184,384,0.479,86,221,0.389,98,163,0.601,0.591,35,52,0.673,25,155,180,119,36,11,47,107,489,SAS,2024,osmande01
18487,Kelly Oubre Jr.,SF,28,68,52,2055,387,878,0.441,101,325,0.311,286,553,0.517,0.498,174,232,0.75,94,247,341,101,77,47,87,194,1049,PHI,2024,oubreke01
18488,Chris Paul,PG,38,58,18,1531,206,467,0.441,78,210,0.371,128,257,0.498,0.525,43,52,0.827,18,207,225,393,70,6,76,108,533,GSW,2024,paulch01
18489,Cameron Payne,PG,29,78,10,1304,208,481,0.432,104,267,0.39,104,214,0.486,0.541,58,67,0.866,21,96,117,205,42,11,66,126,578,TOT,2024,payneca01
18490,Cameron Payne,PG,29,47,2,702,101,222,0.455,52,131,0.397,49,91,0.538,0.572,37,44,0.841,5,57,62,109,22,3,31,73,291,MIL,2024,payneca01
18491,Cameron Payne,PG,29,31,8,602,107,259,0.413,52,136,0.382,55,123,0.447,0.514,21,23,0.913,16,39,55,96,20,8,35,53,287,PHI,2024,payneca01
18492,Gary Payton II,SG,31,44,0,680,103,183,0.563,20,55,0.364,83,128,0.648,0.617,14,23,0.609,46,67,113,48,39,18,27,77,240,GSW,2024,paytoga02
18493,Mãozinha Pereira,SF,23,7,1,122,18,35,0.514,5,13,0.385,13,22,0.591,0.586,7,10,0.7,11,26,37,2,6,4,5,10,48,MEM,2024,pereima01
18494,Drew Peterson,PF,24,3,0,23,4,6,0.667,3,5,0.6,1,1,1,0.917,0,0,,0,1,1,1,2,0,1,1,11,BOS,2024,peterdr01
18495,Filip Petrušev,C,23,3,0,10,1,2,0.5,0,0,,1,2,0.5,0.5,1,2,0.5,0,1,1,0,0,0,0,1,3,TOT,2024,petrufi01
18496,Filip Petrušev,C,23,1,0,3,0,0,,0,0,,0,0,,,0,0,,0,1,1,0,0,0,0,0,0,PHI,2024,petrufi01
18497,Filip Petrušev,C,23,2,0,7,1,2,0.5,0,0,,1,2,0.5,0.5,1,2,0.5,0,0,0,0,0,0,0,1,3,SAC,2024,petrufi01
18498,Julian Phillips,SF,20,40,0,323,32,77,0.416,12,38,0.316,20,39,0.513,0.494,13,19,0.684,12,24,36,13,7,7,10,40,89,CHI,2024,phillju01
18499,Jalen Pickett,SG,24,27,0,122,15,35,0.429,9,25,0.36,6,10,0.6,0.557,3,4,0.75,1,13,14,21,4,0,9,13,42,DEN,2024,pickeja02
18500,Scotty Pippen Jr.,PG,23,21,16,527,100,203,0.493,30,72,0.417,70,131,0.534,0.567,41,55,0.745,22,45,67,98,36,10,56,60,271,MEM,2024,pippesc02
18501,Mason Plumlee,C,33,46,11,674,87,153,0.569,0,6,0,87,147,0.592,0.569,70,99,0.707,60,174,234,55,14,17,36,68,244,LAC,2024,plumlma01
18502,Brandin Podziemski,SG,20,74,28,1968,271,597,0.454,90,234,0.385,181,363,0.499,0.529,50,79,0.633,118,309,427,273,61,14,88,122,682,GSW,2024,podzibr01
18503,Jakob Poeltl,C,28,50,50,1319,248,378,0.656,0,0,,248,378,0.656,0.656,59,107,0.551,146,283,429,127,35,76,77,149,555,TOR,2024,poeltja01
18504,Aleksej Pokusevski,PF,22,28,0,405,49,121,0.405,18,55,0.327,31,66,0.47,0.479,30,41,0.732,17,72,89,35,15,13,19,22,146,TOT,2024,pokusal01
18505,Aleksej Pokusevski,PF,22,10,0,60,4,16,0.25,2,11,0.182,2,5,0.4,0.313,2,4,0.5,2,8,10,5,1,1,3,5,12,OKC,2024,pokusal01
18506,Aleksej Pokusevski,PF,22,18,0,345,45,105,0.429,16,44,0.364,29,61,0.475,0.505,28,37,0.757,15,64,79,30,14,12,16,17,134,CHO,2024,pokusal01
18507,Jordan Poole,SG,24,78,66,2346,490,1186,0.413,184,564,0.326,306,622,0.492,0.491,192,219,0.877,32,180,212,343,86,25,188,244,1356,WAS,2024,poolejo01
18508,Craig Porter Jr.,PG,23,51,6,649,116,228,0.509,12,34,0.353,104,194,0.536,0.535,41,56,0.732,21,88,109,118,21,15,45,40,285,CLE,2024,portecr01
18509,Jontay Porter,PF,24,26,5,360,40,104,0.385,20,60,0.333,20,44,0.455,0.481,15,18,0.833,26,56,82,60,20,20,21,35,115,TOR,2024,portejo01
18510,Michael Porter Jr.,SF,25,81,81,2565,522,1079,0.484,220,554,0.397,302,525,0.575,0.586,92,110,0.836,106,459,565,122,42,53,92,148,1356,DEN,2024,portemi01
18511,Otto Porter Jr.,SF,30,15,1,174,14,33,0.424,8,23,0.348,6,10,0.6,0.545,3,3,1,6,23,29,8,5,5,2,19,39,TOR,2024,porteot01
18512,Bobby Portis,PF,28,82,4,2008,466,918,0.508,100,246,0.407,366,672,0.545,0.562,98,124,0.79,142,465,607,104,68,34,91,189,1130,MIL,2024,portibo01
18513,Kristaps Porziņģis,C,28,57,57,1690,388,752,0.516,110,293,0.375,278,459,0.606,0.589,259,302,0.858,97,312,409,115,42,111,89,156,1145,BOS,2024,porzikr01
18514,Micah Potter,PF,25,16,0,186,19,40,0.475,9,21,0.429,10,19,0.526,0.588,6,8,0.75,10,33,43,6,4,6,5,14,53,UTA,2024,pottemi01
18515,Dwight Powell,C,32,63,9,836,72,106,0.679,1,3,0.333,71,103,0.689,0.684,63,89,0.708,97,117,214,84,26,20,32,113,208,DAL,2024,poweldw01
18516,Norman Powell,SG,30,76,3,1990,373,768,0.486,167,384,0.435,206,384,0.536,0.594,143,172,0.831,16,179,195,82,43,22,66,137,1056,LAC,2024,powelno01
18517,Jason Preston,PG,24,7,0,71,6,19,0.316,0,3,0,6,16,0.375,0.316,0,0,,6,11,17,16,2,1,2,3,12,UTA,2024,prestja01
18518,Joshua Primo,SG,21,2,0,10,1,3,0.333,0,1,0,1,2,0.5,0.333,0,0,,1,0,1,0,0,1,4,0,2,LAC,2024,primojo01
18519,Taurean Prince,PF,29,78,49,2108,253,572,0.442,141,356,0.396,112,216,0.519,0.566,50,68,0.735,21,209,230,119,58,35,73,146,697,LAL,2024,princta02
18520,Payton Pritchard,PG,26,82,5,1825,297,635,0.468,147,382,0.385,150,253,0.593,0.583,46,56,0.821,70,195,265,281,39,6,61,106,787,BOS,2024,pritcpa01
18521,Olivier-Maxence Prosper,PF,21,40,1,336,40,104,0.385,13,45,0.289,27,59,0.458,0.447,28,41,0.683,25,54,79,22,7,4,8,20,121,DAL,2024,prospol01
18522,Trevelin Queen,SG,26,14,0,165,14,38,0.368,3,17,0.176,11,21,0.524,0.408,9,12,0.75,3,17,20,18,7,5,7,15,40,ORL,2024,queentr01
18523,Neemias Queta,C,24,28,0,333,67,104,0.644,0,0,,67,104,0.644,0.644,20,28,0.714,53,69,122,20,13,21,13,50,154,BOS,2024,quetane01
18524,Immanuel Quickley,PG-SG,24,68,38,1985,388,894,0.434,171,433,0.395,217,461,0.471,0.53,209,245,0.853,17,242,259,331,50,10,101,119,1156,TOT,2024,quickim01
18525,Immanuel Quickley,SG,24,30,0,720,152,335,0.454,64,162,0.395,88,173,0.509,0.549,82,94,0.872,5,72,77,74,16,3,31,44,450,NYK,2024,quickim01
18526,Immanuel Quickley,PG,24,38,38,1265,236,559,0.422,107,271,0.395,129,288,0.448,0.518,127,151,0.841,12,170,182,257,34,7,70,75,706,TOR,2024,quickim01
18527,Lester Quinones,SG,23,37,0,394,56,141,0.397,32,88,0.364,24,53,0.453,0.511,20,29,0.69,21,51,72,36,6,2,17,44,164,GSW,2024,quinole01
18528,Jahmi'us Ramsey,SG,22,7,1,121,18,41,0.439,6,22,0.273,12,19,0.632,0.512,5,6,0.833,4,18,22,8,7,0,7,10,47,TOR,2024,ramseja01
18529,Julius Randle,PF,29,46,46,1630,395,836,0.472,76,244,0.311,319,592,0.539,0.518,236,302,0.781,99,324,423,229,25,12,159,125,1102,NYK,2024,randlju01
18530,Duop Reath,C,27,68,20,1214,230,499,0.461,88,245,0.359,142,254,0.559,0.549,69,93,0.742,93,157,250,67,33,38,52,161,617,POR,2024,reathdu01
18531,Austin Reaves,SG,25,82,57,2629,457,940,0.486,154,420,0.367,303,520,0.583,0.568,232,272,0.853,57,295,352,450,66,25,174,153,1300,LAL,2024,reaveau01
18532,Cam Reddish,SF,24,48,26,984,91,234,0.389,37,110,0.336,54,124,0.435,0.468,41,54,0.759,27,72,99,48,47,14,31,64,260,LAL,2024,reddica01
18533,Paul Reed,C,24,82,24,1590,259,480,0.54,21,57,0.368,238,423,0.563,0.561,61,85,0.718,193,295,488,109,67,84,67,198,600,PHI,2024,reedpa01
18534,Naz Reid,C,24,81,14,1964,406,851,0.477,169,408,0.414,237,443,0.535,0.576,109,148,0.736,73,350,423,106,63,73,111,172,1090,MIN,2024,reidna01
18535,Jared Rhoden,SG,24,17,0,245,33,66,0.5,12,31,0.387,21,35,0.6,0.591,5,8,0.625,3,30,33,14,3,13,7,28,83,DET,2024,rhodeja01
18536,Nick Richards,C,26,67,51,1759,260,376,0.691,0,1,0,260,375,0.693,0.691,132,179,0.737,172,367,539,54,26,74,73,176,652,CHO,2024,richani01
18537,Josh Richardson,SG,30,43,6,1103,154,347,0.444,66,190,0.347,88,157,0.561,0.539,51,54,0.944,18,103,121,105,24,14,36,76,425,MIA,2024,richajo01
18538,Duncan Robinson,SF,29,68,36,1905,304,675,0.45,187,473,0.395,117,202,0.579,0.589,80,90,0.889,15,158,173,192,46,16,95,163,875,MIA,2024,robindu01
18539,Jerome Robinson,SG,26,22,0,81,11,33,0.333,2,17,0.118,9,16,0.563,0.364,7,11,0.636,1,5,6,5,1,3,2,5,31,GSW,2024,robinje01
18540,Mitchell Robinson,C,25,31,21,768,73,127,0.575,0,0,,73,127,0.575,0.575,27,66,0.409,142,121,263,18,37,35,25,55,173,NYK,2024,robinmi01
18541,Orlando Robinson,C,23,36,7,304,36,72,0.5,8,15,0.533,28,57,0.491,0.556,19,25,0.76,28,56,84,34,7,8,18,35,99,MIA,2024,robinor01
18542,Jeremiah Robinson-Earl,PF,23,39,1,334,45,95,0.474,13,39,0.333,32,56,0.571,0.542,12,16,0.75,23,53,76,21,10,4,16,24,115,NOP,2024,robinje02
18543,David Roddy,PF,22,65,13,1177,165,409,0.403,48,164,0.293,117,245,0.478,0.462,47,68,0.691,53,158,211,80,27,11,57,72,425,TOT,2024,roddyda01
18544,David Roddy,PF,22,48,13,1114,155,386,0.402,47,156,0.301,108,230,0.47,0.462,46,67,0.687,51,149,200,76,25,11,54,68,403,MEM,2024,roddyda01
18545,David Roddy,PF,22,17,0,63,10,23,0.435,1,8,0.125,9,15,0.6,0.457,1,1,1,2,9,11,4,2,0,3,4,22,PHO,2024,roddyda01
18546,Ryan Rollins,PG,21,13,0,78,14,27,0.519,3,4,0.75,11,23,0.478,0.574,13,17,0.765,2,11,13,14,10,3,8,8,44,TOT,2024,rolliry01
18547,Ryan Rollins,PG,21,10,0,66,13,25,0.52,2,3,0.667,11,22,0.5,0.56,13,17,0.765,2,9,11,11,8,3,7,7,41,WAS,2024,rolliry01
18548,Ryan Rollins,PG,21,3,0,12,1,2,0.5,1,1,1,0,1,0,0.75,0,0,,0,2,2,3,2,0,1,1,3,MIL,2024,rolliry01
18549,Derrick Rose,PG,35,24,7,399,76,165,0.461,15,41,0.366,61,124,0.492,0.506,24,27,0.889,7,38,45,78,8,2,31,21,191,MEM,2024,rosede01
18550,Terry Rozier,PG-SG,29,61,60,2040,442,998,0.443,149,410,0.363,293,588,0.498,0.518,172,198,0.869,35,212,247,342,63,21,106,101,1205,TOT,2024,roziete01
18551,Terry Rozier,SG,29,30,30,1065,252,549,0.459,83,232,0.358,169,317,0.533,0.535,109,129,0.845,17,100,117,198,32,12,65,52,696,CHO,2024,roziete01
18552,Terry Rozier,PG,29,31,30,975,190,449,0.423,66,178,0.371,124,271,0.458,0.497,63,69,0.913,18,112,130,144,31,9,41,49,509,MIA,2024,roziete01
18553,Rayan Rupert,SG,19,39,12,633,54,161,0.335,28,78,0.359,26,83,0.313,0.422,19,25,0.76,24,68,92,62,12,3,31,56,155,POR,2024,ruperra01
18554,D'Angelo Russell,PG,27,76,69,2484,492,1080,0.456,226,545,0.415,266,535,0.497,0.56,159,192,0.828,28,208,236,482,69,36,156,156,1369,LAL,2024,russeda01
18555,Matt Ryan,SF,26,28,1,390,49,113,0.434,41,91,0.451,8,22,0.364,0.615,13,14,0.929,6,34,40,18,6,1,19,32,152,NOP,2024,ryanma01
18556,Domantas Sabonis,C,27,82,82,2928,634,1068,0.594,33,87,0.379,601,981,0.613,0.609,292,415,0.704,294,826,1120,673,74,48,272,250,1593,SAC,2024,sabondo01
18557,Luka Šamanić,PF,24,43,7,404,60,158,0.38,13,64,0.203,47,94,0.5,0.421,44,56,0.786,22,80,102,19,5,7,28,32,177,UTA,2024,samanlu01
18558,Jermaine Samuels,SF,25,14,0,60,9,14,0.643,0,2,0,9,12,0.75,0.643,2,2,1,3,10,13,3,1,2,0,5,20,HOU,2024,samueje01
18559,Adama Sanogo,PF,21,9,0,66,14,27,0.519,0,0,,14,27,0.519,0.519,8,12,0.667,19,17,36,0,1,0,5,5,36,CHI,2024,sanogad01
18560,Gui Santos,PF,21,23,0,192,28,55,0.509,10,27,0.37,18,28,0.643,0.6,16,17,0.941,17,32,49,14,4,2,7,23,82,GSW,2024,santogu01
18561,Dario Šarić,C,29,64,9,1098,181,388,0.466,74,197,0.376,107,191,0.56,0.562,79,93,0.849,73,210,283,144,31,10,78,112,515,GSW,2024,saricda01
18562,Olivier Sarr,C,24,15,0,98,11,19,0.579,2,6,0.333,9,13,0.692,0.632,10,15,0.667,10,26,36,2,0,7,3,18,34,OKC,2024,sarrol01
18563,Marcus Sasser,PG,23,71,11,1351,219,512,0.428,90,240,0.375,129,272,0.474,0.516,58,66,0.879,11,114,125,236,44,12,90,103,586,DET,2024,sassema01
18564,Admiral Schofield,PF,26,23,0,84,10,26,0.385,6,16,0.375,4,10,0.4,0.5,0,2,0,3,14,17,7,1,0,5,9,26,ORL,2024,schofad01
18565,Dennis Schröder,PG,30,80,58,2486,403,927,0.435,138,368,0.375,265,559,0.474,0.509,178,213,0.836,39,203,242,488,63,17,153,164,1122,TOT,2024,schrode01
18566,Dennis Schröder,PG,30,51,33,1559,247,559,0.442,77,220,0.35,170,339,0.501,0.511,127,149,0.852,22,118,140,313,46,8,83,105,698,TOR,2024,schrode01
18567,Dennis Schröder,PG,30,29,25,927,156,368,0.424,61,148,0.412,95,220,0.432,0.507,51,64,0.797,17,85,102,175,17,9,70,59,424,BRK,2024,schrode01
18568,Dereon Seabron,SG,23,6,0,55,4,13,0.308,1,2,0.5,3,11,0.273,0.346,5,6,0.833,1,6,7,5,2,1,0,4,14,NOP,2024,seabrde01
18569,Alperen Sengun,C,21,63,63,2046,527,982,0.537,33,111,0.297,494,871,0.567,0.553,244,352,0.693,183,406,589,312,76,46,162,211,1331,HOU,2024,sengual01
18570,Brice Sensabaugh,SF,20,32,11,584,85,218,0.39,34,115,0.296,51,103,0.495,0.468,37,41,0.902,16,86,102,55,13,6,47,43,241,UTA,2024,sensabr01
18571,Collin Sexton,SG,25,78,51,2075,506,1038,0.487,128,325,0.394,378,713,0.53,0.549,318,370,0.859,71,134,205,383,62,18,165,154,1458,UTA,2024,sextoco01
18572,Landry Shamet,SG,26,46,5,726,118,274,0.431,53,157,0.338,65,117,0.556,0.527,38,46,0.826,16,46,62,54,25,10,30,76,327,WAS,2024,shamela01
18573,Day'Ron Sharpe,C,22,61,1,921,168,294,0.571,4,15,0.267,164,279,0.588,0.578,75,123,0.61,161,228,389,85,24,44,70,131,415,BRK,2024,sharpda01
18574,Shaedon Sharpe,SG,20,32,25,1059,176,434,0.406,60,180,0.333,116,254,0.457,0.475,98,119,0.824,42,118,160,94,28,12,72,88,510,POR,2024,sharpsh01
18575,Ben Sheppard,SG,22,57,1,814,90,229,0.393,49,156,0.314,41,73,0.562,0.5,23,26,0.885,15,74,89,53,33,2,15,88,252,IND,2024,sheppbe01
18576,Pascal Siakam,PF,29,80,80,2657,681,1271,0.536,85,246,0.346,596,1025,0.581,0.569,290,396,0.732,139,426,565,342,63,25,141,193,1737,TOT,2024,siakapa01
18577,Pascal Siakam,PF,29,39,39,1354,325,623,0.522,46,145,0.317,279,478,0.584,0.559,169,223,0.758,54,192,246,190,32,10,83,87,865,TOR,2024,siakapa01
18578,Pascal Siakam,PF,29,41,41,1303,356,648,0.549,39,101,0.386,317,547,0.58,0.579,121,173,0.699,85,234,319,152,31,15,58,106,872,IND,2024,siakapa01
18579,Ben Simmons,PG,27,15,12,359,43,74,0.581,0,0,,43,74,0.581,0.581,6,15,0.4,31,88,119,86,12,9,27,36,92,BRK,2024,simmobe01
18580,Kobi Simmons,PG,26,4,0,67,9,21,0.429,2,8,0.25,7,13,0.538,0.476,0,0,,1,6,7,12,6,2,1,5,20,TOR,2024,simmoko01
18581,Anfernee Simons,SG,24,46,46,1582,360,837,0.43,156,405,0.385,204,432,0.472,0.523,163,178,0.916,22,145,167,255,23,5,126,98,1039,POR,2024,simonan01
18582,Zavier Simpson,PG,26,7,0,161,17,54,0.315,5,17,0.294,12,37,0.324,0.361,3,4,0.75,4,16,20,25,7,3,10,11,42,MEM,2024,simpsza01
18583,Jericho Sims,C,25,45,11,585,38,55,0.691,0,0,,38,55,0.691,0.691,16,24,0.667,56,91,147,25,8,19,16,45,92,NYK,2024,simsje01
18584,Dmytro Skapintsev,C,25,2,0,2,0,1,0,0,0,,0,1,0,0,0,0,,0,0,0,0,0,0,0,0,0,NYK,2024,skapidm01
18585,Jalen Slawson,SF,24,12,0,37,4,6,0.667,0,2,0,4,4,1,0.667,0,0,,1,6,7,2,1,1,2,8,8,SAC,2024,slawsja01
18586,Javonte Smart,PG,24,1,0,1,0,0,,0,0,,0,0,,,0,0,,0,0,0,0,0,0,0,0,0,PHI,2024,smartja01
18587,Marcus Smart,PG,29,20,20,605,102,237,0.43,42,134,0.313,60,103,0.583,0.519,43,56,0.768,6,47,53,86,41,5,62,53,289,MEM,2024,smartma01
18588,Dennis Smith Jr.,PG,26,56,2,1059,147,338,0.435,32,109,0.294,115,229,0.502,0.482,43,58,0.741,50,114,164,203,68,12,68,121,369,BRK,2024,smithde03
18589,Dru Smith,SG,26,9,0,131,15,33,0.455,7,17,0.412,8,16,0.5,0.561,2,2,1,6,8,14,14,9,3,5,12,39,MIA,2024,smithdr01
18590,Ish Smith,PG,35,43,5,741,66,158,0.418,4,8,0.5,62,150,0.413,0.43,3,4,0.75,11,65,76,145,17,4,47,49,139,CHO,2024,smithis01
18591,Jabari Smith Jr.,PF,20,76,76,2424,378,833,0.454,138,380,0.363,240,453,0.53,0.537,150,185,0.811,139,477,616,121,52,61,89,200,1044,HOU,2024,smithja05
18592,Jalen Smith,C,23,61,14,1047,234,395,0.592,61,144,0.424,173,251,0.689,0.67,72,104,0.692,112,225,337,63,17,38,44,124,601,IND,2024,smithja04
18593,Nick Smith Jr.,SG,19,51,0,729,113,289,0.391,63,146,0.432,50,143,0.35,0.5,13,15,0.867,18,54,72,59,10,7,39,55,302,CHO,2024,smithni01
18594,Terquavion Smith,PG,21,16,0,84,18,46,0.391,13,35,0.371,5,11,0.455,0.533,3,5,0.6,0,4,4,12,8,0,7,8,52,PHI,2024,smithte01
18595,Jeremy Sochan,PF,20,74,73,2193,340,776,0.438,70,227,0.308,270,549,0.492,0.483,111,144,0.771,137,339,476,249,62,40,140,168,861,SAS,2024,sochaje01
18596,Pat Spencer,PG,27,6,0,26,2,4,0.5,0,2,0,2,2,1,0.5,0,0,,2,2,4,5,0,0,1,1,4,GSW,2024,spencpa01
18597,Jaden Springer,SG-PG,21,49,2,507,59,148,0.399,10,48,0.208,49,100,0.49,0.432,35,42,0.833,33,45,78,44,36,15,34,66,163,TOT,2024,sprinja01
18598,Jaden Springer,SG,21,32,1,377,46,118,0.39,8,37,0.216,38,81,0.469,0.424,28,34,0.824,25,33,58,35,25,11,26,49,128,PHI,2024,sprinja01
18599,Jaden Springer,PG,21,17,1,130,13,30,0.433,2,11,0.182,11,19,0.579,0.467,7,8,0.875,8,12,20,9,11,4,8,17,35,BOS,2024,sprinja01
18600,Lamar Stevens,PF,26,38,3,559,108,240,0.45,14,46,0.304,94,194,0.485,0.479,42,54,0.778,36,91,127,28,23,22,24,45,272,TOT,2024,stevela01
18601,Lamar Stevens,PF,26,19,1,122,21,45,0.467,3,8,0.375,18,37,0.486,0.5,8,11,0.727,12,19,31,8,6,5,9,14,53,BOS,2024,stevela01
18602,Lamar Stevens,PF,26,19,2,437,87,195,0.446,11,38,0.289,76,157,0.484,0.474,34,43,0.791,24,72,96,20,17,17,15,31,219,MEM,2024,stevela01
18603,Isaiah Stewart,PF,22,46,45,1423,186,382,0.487,67,175,0.383,119,207,0.575,0.575,64,85,0.753,74,231,305,73,17,38,66,99,503,DET,2024,stewais01
18604,Julian Strawther,SF,21,50,0,545,82,222,0.369,41,138,0.297,41,84,0.488,0.462,22,31,0.71,5,56,61,47,17,7,23,54,227,DEN,2024,strawju01
18605,Max Strus,SF,27,70,70,2239,304,728,0.418,168,479,0.351,136,249,0.546,0.533,77,97,0.794,66,272,338,283,64,29,112,170,853,CLE,2024,strusma01
18606,Jalen Suggs,SG,22,75,75,2025,336,714,0.471,153,385,0.397,183,329,0.556,0.578,118,156,0.756,48,181,229,205,106,47,132,205,943,ORL,2024,suggsja01
18607,Cole Swider,SF,24,18,0,87,15,38,0.395,10,30,0.333,5,8,0.625,0.526,2,2,1,1,6,7,5,1,1,8,4,42,MIA,2024,swideco01
18608,Jae'Sean Tate,SF,28,65,9,1031,108,229,0.472,23,77,0.299,85,152,0.559,0.522,26,39,0.667,61,136,197,64,42,15,37,137,265,HOU,2024,tateja01
18609,Jayson Tatum,PF,25,74,74,2645,672,1426,0.471,229,609,0.376,443,817,0.542,0.552,414,497,0.833,67,534,601,364,75,43,188,145,1987,BOS,2024,tatumja01
18610,Terry Taylor,PF,24,31,0,188,20,39,0.513,2,9,0.222,18,30,0.6,0.538,4,5,0.8,17,20,37,10,5,2,7,17,46,CHI,2024,taylote01
18611,Garrett Temple,SG,37,27,2,289,29,78,0.372,12,40,0.3,17,38,0.447,0.449,18,22,0.818,18,27,45,28,12,3,14,28,88,TOR,2024,templga01
18612,Dalen Terry,SG,21,59,2,681,69,157,0.439,17,74,0.23,52,83,0.627,0.494,25,43,0.581,29,84,113,81,27,18,32,81,180,CHI,2024,terryda01
18613,Daniel Theis,C,31,60,3,1015,156,293,0.532,26,71,0.366,130,222,0.586,0.577,38,50,0.76,85,159,244,61,21,51,42,127,376,TOT,2024,theisda01
18614,Daniel Theis,C,31,1,0,8,1,4,0.25,0,1,0,1,3,0.333,0.25,0,0,,0,0,0,0,0,0,0,1,2,IND,2024,theisda01
18615,Daniel Theis,C,31,59,3,1007,155,289,0.536,26,70,0.371,129,219,0.589,0.581,38,50,0.76,85,159,244,61,21,51,42,126,374,LAC,2024,theisda01
18616,Cam Thomas,SG,22,66,51,2075,526,1190,0.442,144,396,0.364,382,794,0.481,0.503,286,334,0.856,28,186,214,192,45,16,124,138,1482,BRK,2024,thomaca02
18617,Isaiah Thomas,PG,34,6,0,19,3,10,0.3,2,4,0.5,1,6,0.167,0.4,0,0,,0,0,0,3,0,0,0,0,8,PHO,2024,thomais02
18618,Amen Thompson,SF,21,62,23,1388,239,446,0.536,8,58,0.138,231,388,0.595,0.545,106,155,0.684,148,261,409,163,78,38,90,141,592,HOU,2024,thompam01
18619,Ausar Thompson,SF,21,63,38,1583,232,480,0.483,21,113,0.186,211,367,0.575,0.505,71,119,0.597,129,273,402,120,68,59,84,175,556,DET,2024,thompau01
18620,Klay Thompson,SF,33,77,63,2284,490,1133,0.432,268,692,0.387,222,441,0.503,0.551,127,137,0.927,35,219,254,176,50,35,117,127,1375,GSW,2024,thompkl01
18621,Tristan Thompson,C,32,49,0,549,73,120,0.608,0,1,0,73,119,0.613,0.608,15,52,0.288,73,101,174,51,12,14,29,59,161,CLE,2024,thomptr01
18622,JT Thor,PF,21,63,3,781,80,183,0.437,28,81,0.346,52,102,0.51,0.514,11,20,0.55,43,103,146,29,11,27,15,60,199,CHO,2024,thorjt01
18623,Matisse Thybulle,SF,26,65,19,1487,126,317,0.397,80,231,0.346,46,86,0.535,0.524,22,29,0.759,30,106,136,90,113,49,40,93,354,POR,2024,thybuma01
18624,Xavier Tillman Sr.,C-PF,25,54,15,974,121,279,0.434,20,81,0.247,101,198,0.51,0.47,22,50,0.44,70,141,211,77,51,44,34,75,284,TOT,2024,tillmxa01
18625,Xavier Tillman Sr.,C,25,34,13,700,87,213,0.408,12,53,0.226,75,160,0.469,0.437,18,43,0.419,56,101,157,57,42,35,29,60,204,MEM,2024,tillmxa01
18626,Xavier Tillman Sr.,PF,25,20,2,274,34,66,0.515,8,28,0.286,26,38,0.684,0.576,4,7,0.571,14,40,54,20,9,9,5,15,80,BOS,2024,tillmxa01
18627,Jacob Toppin,SF,23,9,0,38,5,9,0.556,1,4,0.25,4,5,0.8,0.611,2,2,1,3,4,7,3,0,1,1,3,13,NYK,2024,toppija01
18628,Obi Toppin,PF,25,82,28,1730,332,579,0.573,102,253,0.403,230,326,0.706,0.661,77,100,0.77,85,235,320,128,47,43,69,143,843,IND,2024,toppiob01
18629,Juan Toscano-Anderson,SF,30,11,0,53,3,12,0.25,1,4,0.25,2,8,0.25,0.292,0,0,,4,10,14,4,1,1,2,11,7,SAC,2024,toscaju01
18630,Karl-Anthony Towns,PF,28,62,62,2026,479,951,0.504,136,327,0.416,343,624,0.55,0.575,255,292,0.873,94,421,515,189,43,41,177,204,1349,MIN,2024,townska01
18631,Gary Trent Jr.,SG,25,71,41,1994,361,847,0.426,178,453,0.393,183,394,0.464,0.531,74,96,0.771,25,163,188,119,77,10,47,96,974,TOR,2024,trentga02
18632,Oscar Tshiebwe,PF,24,8,0,42,10,20,0.5,0,0,,10,20,0.5,0.5,6,8,0.75,8,8,16,2,2,1,0,3,26,IND,2024,tshieos01
18633,P.J. Tucker,PF,38,31,10,486,18,50,0.36,13,35,0.371,5,15,0.333,0.49,3,3,1,28,57,85,16,16,7,8,54,52,TOT,2024,tuckepj01
18634,P.J. Tucker,PF,38,3,3,66,2,5,0.4,2,5,0.4,0,0,,0.6,0,0,,1,13,14,0,3,2,2,9,6,PHI,2024,tuckepj01
18635,P.J. Tucker,PF,38,28,7,420,16,45,0.356,11,30,0.367,5,15,0.333,0.478,3,3,1,27,44,71,16,13,5,6,45,46,LAC,2024,tuckepj01
18636,Myles Turner,C,27,77,77,2076,476,909,0.524,116,324,0.358,360,585,0.615,0.587,245,317,0.773,113,420,533,100,39,144,109,232,1313,IND,2024,turnemy01
18637,Hunter Tyson,PF,23,18,0,48,8,20,0.4,4,14,0.286,4,6,0.667,0.5,0,0,,1,8,9,2,1,0,2,10,20,DEN,2024,tysonhu01
18638,Stanley Umude,SG,24,24,2,307,37,84,0.44,24,53,0.453,13,31,0.419,0.583,29,32,0.906,8,43,51,11,8,7,14,40,127,DET,2024,umudest01
18639,Jonas Valančiūnas,C,31,82,82,1925,402,719,0.559,37,120,0.308,365,599,0.609,0.585,161,205,0.785,186,535,721,173,32,68,111,218,1002,NOP,2024,valanjo01
18640,Jarred Vanderbilt,PF,24,29,6,581,59,114,0.518,8,27,0.296,51,87,0.586,0.553,24,36,0.667,41,97,138,36,36,5,28,43,150,LAL,2024,vandeja01
18641,Fred VanVleet,PG,29,73,73,2684,423,1018,0.416,227,586,0.387,196,432,0.454,0.527,197,229,0.86,33,245,278,589,101,59,126,183,1270,HOU,2024,vanvlfr01
18642,Devin Vassell,SG,23,68,62,2248,498,1056,0.472,166,446,0.372,332,610,0.544,0.55,161,201,0.801,27,234,261,277,73,23,108,74,1323,SAS,2024,vassede01
18643,Sasha Vezenkov,PF,28,42,0,511,84,191,0.44,45,120,0.375,39,71,0.549,0.558,12,15,0.8,30,66,96,19,20,7,12,42,225,SAC,2024,vezenal01
18644,Gabe Vincent,PG,27,11,0,218,15,49,0.306,3,28,0.107,12,21,0.571,0.337,1,2,0.5,4,5,9,21,9,0,5,19,34,LAL,2024,vincega01
18645,Nikola Vučević,C,33,76,74,2610,586,1211,0.484,92,313,0.294,494,898,0.55,0.522,106,129,0.822,210,591,801,254,50,60,120,190,1370,CHI,2024,vucevni01
18646,Tristan Vukcevic,C,20,10,4,153,29,67,0.433,10,36,0.278,19,31,0.613,0.507,17,22,0.773,6,30,36,13,5,7,10,28,85,WAS,2024,vukcetr01
18647,Dean Wade,PF,27,54,32,1108,96,232,0.414,79,202,0.391,17,30,0.567,0.584,20,26,0.769,37,181,218,43,40,25,20,93,291,CLE,2024,wadede01
18648,Franz Wagner,SF,22,72,72,2337,528,1096,0.482,94,334,0.281,434,762,0.57,0.525,271,319,0.85,72,309,381,269,76,28,137,168,1421,ORL,2024,wagnefr01
18649,Moritz Wagner,C,26,80,1,1415,332,552,0.601,38,115,0.33,294,437,0.673,0.636,166,204,0.814,117,230,347,96,39,21,97,160,868,ORL,2024,wagnemo01
18650,Ish Wainright,SF,29,11,0,62,7,24,0.292,7,20,0.35,0,4,0,0.438,2,2,1,3,11,14,1,4,1,2,8,23,TOT,2024,wainris01
18651,Ish Wainright,SF,29,7,0,46,6,18,0.333,6,16,0.375,0,2,0,0.5,2,2,1,0,9,9,0,2,1,1,4,20,POR,2024,wainris01
18652,Ish Wainright,SF,29,4,0,16,1,6,0.167,1,4,0.25,0,2,0,0.25,0,0,,3,2,5,1,2,0,1,4,3,PHO,2024,wainris01
18653,Jabari Walker,SF,21,72,23,1700,234,509,0.46,41,139,0.295,193,370,0.522,0.5,129,171,0.754,151,357,508,71,42,22,66,173,638,POR,2024,walkeja01
18654,Jarace Walker,PF,20,33,0,340,45,110,0.409,22,55,0.4,23,55,0.418,0.509,8,9,0.889,12,51,63,40,15,11,17,29,120,IND,2024,walkeja02
18655,Lonnie Walker IV,SG,25,58,0,1011,208,492,0.423,104,271,0.384,104,221,0.471,0.528,45,59,0.763,13,114,127,74,32,20,51,71,565,BRK,2024,walkelo01
18656,Cason Wallace,SG,20,82,13,1692,217,442,0.491,98,234,0.419,119,208,0.572,0.602,29,37,0.784,52,135,187,120,76,37,45,129,561,OKC,2024,wallaca01
18657,Jordan Walsh,SF,19,9,1,83,6,15,0.4,2,9,0.222,4,6,0.667,0.467,1,2,0.5,5,15,20,5,5,1,3,11,15,BOS,2024,walshjo01
18658,T.J. Warren,SF,30,11,0,125,18,41,0.439,2,13,0.154,16,28,0.571,0.463,3,4,0.75,5,17,22,9,4,1,4,11,41,MIN,2024,warretj01
18659,P.J. Washington,PF,25,73,45,2221,354,811,0.436,132,413,0.32,222,398,0.558,0.518,99,145,0.683,85,326,411,141,72,59,96,169,939,TOT,2024,washipj01
18660,P.J. Washington,PF,25,44,17,1286,227,509,0.446,79,244,0.324,148,265,0.558,0.524,67,94,0.713,53,179,232,97,38,32,66,112,600,CHO,2024,washipj01
18661,P.J. Washington,PF,25,29,28,935,127,302,0.421,53,169,0.314,74,133,0.556,0.508,32,51,0.627,32,147,179,44,34,27,30,57,339,DAL,2024,washipj01
18662,TyTy Washington Jr.,PG,22,11,0,56,6,20,0.3,2,6,0.333,4,14,0.286,0.35,0,0,,1,4,5,5,3,0,2,1,14,MIL,2024,washity02
18663,Yuta Watanabe,SF,29,34,0,464,41,116,0.353,25,85,0.294,16,31,0.516,0.461,10,17,0.588,11,43,54,15,12,7,19,39,117,TOT,2024,watanyu01
18664,Yuta Watanabe,SF,29,29,0,382,35,97,0.361,24,75,0.32,11,22,0.5,0.485,10,15,0.667,11,34,45,10,9,7,16,34,104,PHO,2024,watanyu01
18665,Yuta Watanabe,SF,29,5,0,82,6,19,0.316,1,10,0.1,5,9,0.556,0.342,0,2,0,0,9,9,5,3,0,3,5,13,MEM,2024,watanyu01
18666,Lindy Waters III,SG,26,38,0,280,49,104,0.471,37,85,0.435,12,19,0.632,0.649,2,2,1,7,33,40,24,5,7,7,23,137,OKC,2024,waterli01
18667,Trendon Watford,PF,23,63,2,856,164,311,0.527,27,68,0.397,137,243,0.564,0.571,77,97,0.794,52,142,194,81,23,19,63,106,432,BRK,2024,watfotr01
18668,Peyton Watson,SF,21,80,4,1488,208,447,0.465,45,152,0.296,163,295,0.553,0.516,71,106,0.67,56,202,258,86,42,88,58,143,532,DEN,2024,watsope01
18669,Victor Wembanyama,C,20,71,71,2106,551,1186,0.465,128,394,0.325,423,792,0.534,0.519,292,367,0.796,161,594,755,274,88,254,260,153,1522,SAS,2024,wembavi01
18670,Blake Wesley,SG,20,61,3,876,102,215,0.474,12,55,0.218,90,160,0.563,0.502,52,78,0.667,18,76,94,166,29,9,55,89,268,SAS,2024,weslebl01
18671,Russell Westbrook,PG,35,68,11,1529,301,663,0.454,42,154,0.273,259,509,0.509,0.486,110,160,0.688,93,250,343,306,74,23,144,121,754,LAC,2024,westbru01
18672,Coby White,PG,23,79,78,2881,541,1209,0.447,209,556,0.376,332,653,0.508,0.534,218,260,0.838,44,314,358,405,53,18,166,186,1509,CHI,2024,whiteco01
18673,Derrick White,SG,29,73,73,2381,387,839,0.461,196,495,0.396,191,344,0.555,0.578,137,152,0.901,51,259,310,377,74,87,112,152,1107,BOS,2024,whitede01
18674,Jack White,SF,26,4,0,64,2,16,0.125,2,10,0.2,0,6,0,0.188,0,0,,4,8,12,1,4,1,2,3,6,MEM,2024,whiteja03
18675,Cam Whitmore,SF,19,47,2,880,212,467,0.454,79,220,0.359,133,247,0.538,0.539,76,112,0.679,44,136,180,33,30,17,46,64,579,HOU,2024,whitmca01
18676,Aaron Wiggins,SG,25,78,4,1228,212,377,0.562,62,126,0.492,150,251,0.598,0.645,56,71,0.789,60,126,186,86,56,19,56,91,542,OKC,2024,wiggiaa01
18677,Andrew Wiggins,SF,28,71,59,1920,353,780,0.453,91,254,0.358,262,526,0.498,0.511,142,189,0.751,108,213,321,119,42,41,87,147,939,GSW,2024,wiggian01
18678,Lindell Wigginton,PG,25,3,0,8,2,5,0.4,0,2,0,2,3,0.667,0.4,2,2,1,0,0,0,0,0,0,1,1,6,MIL,2024,wiggili01
18679,Alondes Williams,SG,24,7,0,16,2,8,0.25,0,4,0,2,4,0.5,0.25,1,1,1,0,1,1,0,0,1,2,2,5,MIA,2024,willial06
18680,Brandon Williams,PG,24,17,0,113,20,54,0.37,3,15,0.2,17,39,0.436,0.398,11,17,0.647,4,9,13,17,1,1,7,4,54,DAL,2024,willibr03
18681,Grant Williams,PF,25,76,43,2130,276,605,0.456,126,336,0.375,150,269,0.558,0.56,106,140,0.757,86,232,318,174,44,39,109,226,784,TOT,2024,willigr01
18682,Grant Williams,PF,25,47,33,1242,131,317,0.413,79,210,0.376,52,107,0.486,0.538,41,55,0.745,46,123,169,81,24,27,53,137,382,DAL,2024,willigr01
18683,Grant Williams,PF,25,29,10,888,145,288,0.503,47,126,0.373,98,162,0.605,0.585,65,85,0.765,40,109,149,93,20,12,56,89,402,CHO,2024,willigr01
18684,Jalen Williams,PF,22,71,71,2223,536,993,0.54,103,241,0.427,433,752,0.576,0.592,180,221,0.814,37,245,282,322,80,45,123,175,1355,OKC,2024,willija06
18685,Jaylin Williams,C,21,69,1,897,95,228,0.417,53,144,0.368,42,84,0.5,0.533,33,41,0.805,36,198,234,110,28,27,34,98,276,OKC,2024,willija07
18686,Jeenathan Williams,SG,24,22,0,129,27,50,0.54,2,5,0.4,25,45,0.556,0.56,7,13,0.538,12,11,23,7,4,1,4,10,63,HOU,2024,willije02
18687,Kenrich Williams,PF,29,69,1,1029,131,280,0.468,56,141,0.397,75,139,0.54,0.568,7,14,0.5,61,148,209,93,38,9,32,101,325,OKC,2024,willike04
18688,Malik Williams,C,25,7,2,107,9,34,0.265,1,5,0.2,8,29,0.276,0.279,0,2,0,15,23,38,2,3,4,3,15,19,TOR,2024,willima11
18689,Mark Williams,C,22,19,19,508,98,151,0.649,0,0,,98,151,0.649,0.649,46,64,0.719,76,108,184,22,16,20,17,50,242,CHO,2024,willima07
18690,Patrick Williams,PF,22,43,30,1174,159,359,0.443,59,148,0.399,100,211,0.474,0.525,52,66,0.788,46,120,166,66,40,33,57,87,429,CHI,2024,willipa01
18691,Robert Williams,C,26,6,0,119,17,26,0.654,0,0,,17,26,0.654,0.654,7,9,0.778,11,27,38,5,7,7,7,17,41,POR,2024,williro04
18692,Vince Williams Jr.,SG,23,52,33,1436,169,379,0.446,79,209,0.378,90,170,0.529,0.55,104,130,0.8,59,231,290,175,47,34,92,135,521,MEM,2024,willivi01
18693,Ziaire Williams,SF,22,51,15,1038,150,378,0.397,58,189,0.307,92,189,0.487,0.474,62,75,0.827,35,145,180,75,36,9,66,85,420,MEM,2024,willizi02
18694,Zion Williamson,PF,23,70,70,2207,624,1094,0.57,6,18,0.333,618,1076,0.574,0.573,347,494,0.702,122,284,406,352,77,47,193,159,1601,NOP,2024,willizi01
18695,D.J. Wilson,PF,27,2,0,15,4,6,0.667,2,2,1,2,4,0.5,0.833,0,0,,1,1,2,2,0,2,0,1,10,PHI,2024,wilsodj01
18696,Jalen Wilson,PF,23,43,3,664,76,179,0.425,24,74,0.324,52,105,0.495,0.492,38,46,0.826,47,84,131,45,11,4,19,48,214,BRK,2024,wilsoja03
18697,Dylan Windler,SF,27,17,0,108,15,30,0.5,13,27,0.481,2,3,0.667,0.717,0,0,,3,13,16,10,2,0,2,6,43,TOT,2024,windldy01
18698,Dylan Windler,SF,27,3,0,7,1,2,0.5,1,2,0.5,0,0,,0.75,0,0,,0,1,1,1,0,0,0,1,3,NYK,2024,windldy01
18699,Dylan Windler,SF,27,8,0,28,4,9,0.444,4,8,0.5,0,1,0,0.667,0,0,,0,3,3,6,0,0,0,2,12,LAL,2024,windldy01
18700,Dylan Windler,SF,27,6,0,73,10,19,0.526,8,17,0.471,2,2,1,0.737,0,0,,3,9,12,3,2,0,2,3,28,ATL,2024,windldy01
18701,James Wiseman,C,22,63,6,1091,187,305,0.613,0,2,0,187,303,0.617,0.613,72,102,0.706,110,226,336,54,12,39,66,141,446,DET,2024,wisemja01
18702,Isaiah Wong,SG,23,1,0,4,1,3,0.333,0,1,0,1,2,0.5,0.333,0,0,,0,0,0,0,0,0,0,0,2,IND,2024,wongis01
18703,Christian Wood,PF,28,50,1,872,123,264,0.466,35,114,0.307,88,150,0.587,0.532,66,94,0.702,39,215,254,49,16,33,50,72,347,LAL,2024,woodch01
18704,Delon Wright,PG,31,47,1,742,74,188,0.394,25,68,0.368,49,120,0.408,0.46,37,45,0.822,19,67,86,119,54,11,14,32,210,TOT,2024,wrighde01
18705,Delon Wright,PG,31,33,0,456,48,122,0.393,14,38,0.368,34,84,0.405,0.451,24,29,0.828,13,46,59,82,35,8,11,22,134,WAS,2024,wrighde01
18706,Delon Wright,PG,31,14,1,286,26,66,0.394,11,30,0.367,15,36,0.417,0.477,13,16,0.813,6,21,27,37,19,3,3,10,76,MIA,2024,wrighde01
18707,Thaddeus Young,PF,35,33,6,439,65,108,0.602,1,7,0.143,64,101,0.634,0.606,6,15,0.4,46,57,103,57,23,5,15,49,137,TOT,2024,youngth01
18708,Thaddeus Young,PF,35,23,6,350,54,87,0.621,1,6,0.167,53,81,0.654,0.626,5,12,0.417,29,46,75,50,18,3,11,38,114,TOR,2024,youngth01
18709,Thaddeus Young,PF,35,10,0,89,11,21,0.524,0,1,0,11,20,0.55,0.524,1,3,0.333,17,11,28,7,5,2,4,11,23,PHO,2024,youngth01
18710,Trae Young,PG,25,54,54,1942,433,1008,0.43,175,469,0.373,258,539,0.479,0.516,348,407,0.855,23,126,149,583,72,11,235,109,1389,ATL,2024,youngtr01
18711,Omer Yurtseven,C,25,48,12,545,99,184,0.538,5,24,0.208,94,160,0.588,0.552,19,28,0.679,72,136,208,29,8,18,37,52,222,UTA,2024,yurtsom01
18712,Cody Zeller,C,31,43,0,320,26,62,0.419,1,3,0.333,25,59,0.424,0.427,23,38,0.605,48,64,112,39,9,5,16,45,76,NOP,2024,zelleco01
18713,Ivica Zubac,C,26,68,68,1794,337,519,0.649,0,0,,337,519,0.649,0.649,120,166,0.723,196,430,626,93,22,83,79,180,794,LAC,2024,zubaciv01
